#term ID	term description	observed gene count	background gene count	strength	false discovery rate	matching proteins in your network (IDs)	matching proteins in your network (labels)
GO:0007169	Transmembrane receptor protein tyrosine kinase signaling pathway	16	518	1.19	2.00e-11	9606.ENSP00000215530,9606.ENSP00000215832,9606.ENSP00000219476,9606.ENSP00000228825,9606.ENSP00000262741,9606.ENSP00000263238,9606.ENSP00000286827,9606.ENSP00000295685,9606.ENSP00000338185,9606.ENSP00000348461,9606.ENSP00000359073,9606.ENSP00000361021,9606.ENSP00000375711,9606.ENSP00000388169,9606.ENSP00000389631,9606.ENSP00000451828	FGF22,MAPK1,TSC2,ARPC3,PIK3R3,ACTR3,TIAM1,ARPC2,PLCB1,RAC1,VAV3,PTEN,AKT1S1,ARPC4,ARPC1B,AKT1
GO:0035556	Intracellular signal transduction	23	1712	0.83	3.15e-11	9606.ENSP00000215530,9606.ENSP00000215832,9606.ENSP00000219476,9606.ENSP00000262741,9606.ENSP00000265960,9606.ENSP00000269321,9606.ENSP00000286827,9606.ENSP00000307272,9606.ENSP00000316176,9606.ENSP00000329967,9606.ENSP00000338185,9606.ENSP00000340989,9606.ENSP00000348461,9606.ENSP00000354558,9606.ENSP00000357804,9606.ENSP00000359073,9606.ENSP00000361021,9606.ENSP00000361930,9606.ENSP00000370744,9606.ENSP00000374455,9606.ENSP00000376352,9606.ENSP00000435412,9606.ENSP00000451828	FGF22,MAPK1,TSC2,PIK3R3,MAPKAP1,ARHGDIA,TIAM1,RPTOR,UBE2N,TBK1,PLCB1,SFN,RAC1,MTOR,THEM4,VAV3,PTEN,YWHAB,ITPR2,SQSTM1,PDK1,RPS6KA1,AKT1
GO:0032535	Regulation of cellular component size	13	383	1.23	1.24e-09	9606.ENSP00000228825,9606.ENSP00000263238,9606.ENSP00000295685,9606.ENSP00000307272,9606.ENSP00000326031,9606.ENSP00000348461,9606.ENSP00000354558,9606.ENSP00000359073,9606.ENSP00000361021,9606.ENSP00000375711,9606.ENSP00000388169,9606.ENSP00000389631,9606.ENSP00000451828	ARPC3,ACTR3,ARPC2,RPTOR,PPP1CA,RAC1,MTOR,VAV3,PTEN,AKT1S1,ARPC4,ARPC1B,AKT1
GO:0007165	Signal transduction	31	4876	0.5	3.64e-09	9606.ENSP00000215530,9606.ENSP00000215832,9606.ENSP00000219476,9606.ENSP00000228825,9606.ENSP00000262741,9606.ENSP00000263238,9606.ENSP00000265960,9606.ENSP00000269321,9606.ENSP00000286827,9606.ENSP00000295685,9606.ENSP00000307272,9606.ENSP00000316176,9606.ENSP00000326031,9606.ENSP00000329967,9606.ENSP00000338185,9606.ENSP00000340989,9606.ENSP00000348461,9606.ENSP00000354558,9606.ENSP00000357804,9606.ENSP00000359073,9606.ENSP00000361021,9606.ENSP00000361930,9606.ENSP00000365807,9606.ENSP00000370744,9606.ENSP00000374455,9606.ENSP00000375711,9606.ENSP00000376352,9606.ENSP00000388169,9606.ENSP00000389631,9606.ENSP00000435412,9606.ENSP00000451828	FGF22,MAPK1,TSC2,ARPC3,PIK3R3,ACTR3,MAPKAP1,ARHGDIA,TIAM1,ARPC2,RPTOR,UBE2N,PPP1CA,TBK1,PLCB1,SFN,RAC1,MTOR,THEM4,VAV3,PTEN,YWHAB,GNA14,ITPR2,SQSTM1,AKT1S1,PDK1,ARPC4,ARPC1B,RPS6KA1,AKT1
GO:0038096	Fc-gamma receptor signaling pathway involved in phagocytosis	8	73	1.74	7.07e-09	9606.ENSP00000215832,9606.ENSP00000228825,9606.ENSP00000263238,9606.ENSP00000295685,9606.ENSP00000348461,9606.ENSP00000359073,9606.ENSP00000388169,9606.ENSP00000389631	MAPK1,ARPC3,ACTR3,ARPC2,RAC1,VAV3,ARPC4,ARPC1B
GO:0051716	Cellular response to stimulus	34	6489	0.42	7.07e-09	9606.ENSP00000215530,9606.ENSP00000215832,9606.ENSP00000219476,9606.ENSP00000226004,9606.ENSP00000228825,9606.ENSP00000262741,9606.ENSP00000263238,9606.ENSP00000265960,9606.ENSP00000269321,9606.ENSP00000286827,9606.ENSP00000295685,9606.ENSP00000307272,9606.ENSP00000316176,9606.ENSP00000326031,9606.ENSP00000329967,9606.ENSP00000338185,9606.ENSP00000340989,9606.ENSP00000348461,9606.ENSP00000354558,9606.ENSP00000357804,9606.ENSP00000359073,9606.ENSP00000361021,9606.ENSP00000361930,9606.ENSP00000365807,9606.ENSP00000370744,9606.ENSP00000374455,9606.ENSP00000375711,9606.ENSP00000376352,9606.ENSP00000388169,9606.ENSP00000389631,9606.ENSP00000425561,9606.ENSP00000428209,9606.ENSP00000435412,9606.ENSP00000451828	FGF22,MAPK1,TSC2,DUSP3,ARPC3,PIK3R3,ACTR3,MAPKAP1,ARHGDIA,TIAM1,ARPC2,RPTOR,UBE2N,PPP1CA,TBK1,PLCB1,SFN,RAC1,MTOR,THEM4,VAV3,PTEN,YWHAB,GNA14,ITPR2,SQSTM1,AKT1S1,PDK1,ARPC4,ARPC1B,EIF4E,UBE2V2,RPS6KA1,AKT1
GO:0048013	Ephrin receptor signaling pathway	8	86	1.67	1.26e-08	9606.ENSP00000228825,9606.ENSP00000263238,9606.ENSP00000286827,9606.ENSP00000295685,9606.ENSP00000348461,9606.ENSP00000359073,9606.ENSP00000388169,9606.ENSP00000389631	ARPC3,ACTR3,TIAM1,ARPC2,RAC1,VAV3,ARPC4,ARPC1B
GO:0048583	Regulation of response to stimulus	28	4114	0.53	1.48e-08	9606.ENSP00000215530,9606.ENSP00000215832,9606.ENSP00000219476,9606.ENSP00000226004,9606.ENSP00000228825,9606.ENSP00000263238,9606.ENSP00000265960,9606.ENSP00000269321,9606.ENSP00000286827,9606.ENSP00000295685,9606.ENSP00000307272,9606.ENSP00000316176,9606.ENSP00000326031,9606.ENSP00000329967,9606.ENSP00000338185,9606.ENSP00000340989,9606.ENSP00000348461,9606.ENSP00000354558,9606.ENSP00000357804,9606.ENSP00000359073,9606.ENSP00000361021,9606.ENSP00000361930,9606.ENSP00000374455,9606.ENSP00000375711,9606.ENSP00000388169,9606.ENSP00000389631,9606.ENSP00000428209,9606.ENSP00000451828	FGF22,MAPK1,TSC2,DUSP3,ARPC3,ACTR3,MAPKAP1,ARHGDIA,TIAM1,ARPC2,RPTOR,UBE2N,PPP1CA,TBK1,PLCB1,SFN,RAC1,MTOR,THEM4,VAV3,PTEN,YWHAB,SQSTM1,AKT1S1,ARPC4,ARPC1B,UBE2V2,AKT1
GO:0019220	Regulation of phosphate metabolic process	20	1816	0.74	2.35e-08	9606.ENSP00000215832,9606.ENSP00000219476,9606.ENSP00000226004,9606.ENSP00000262741,9606.ENSP00000265960,9606.ENSP00000286827,9606.ENSP00000307272,9606.ENSP00000316176,9606.ENSP00000329967,9606.ENSP00000338185,9606.ENSP00000340989,9606.ENSP00000348461,9606.ENSP00000354558,9606.ENSP00000359073,9606.ENSP00000361021,9606.ENSP00000361930,9606.ENSP00000374455,9606.ENSP00000375711,9606.ENSP00000376352,9606.ENSP00000451828	MAPK1,TSC2,DUSP3,PIK3R3,MAPKAP1,TIAM1,RPTOR,UBE2N,TBK1,PLCB1,SFN,RAC1,MTOR,VAV3,PTEN,YWHAB,SQSTM1,AKT1S1,PDK1,AKT1
GO:1902531	Regulation of intracellular signal transduction	19	1807	0.72	1.88e-07	9606.ENSP00000215530,9606.ENSP00000215832,9606.ENSP00000219476,9606.ENSP00000226004,9606.ENSP00000265960,9606.ENSP00000269321,9606.ENSP00000286827,9606.ENSP00000307272,9606.ENSP00000316176,9606.ENSP00000329967,9606.ENSP00000338185,9606.ENSP00000348461,9606.ENSP00000354558,9606.ENSP00000357804,9606.ENSP00000359073,9606.ENSP00000361021,9606.ENSP00000374455,9606.ENSP00000375711,9606.ENSP00000451828	FGF22,MAPK1,TSC2,DUSP3,MAPKAP1,ARHGDIA,TIAM1,RPTOR,UBE2N,TBK1,PLCB1,RAC1,MTOR,THEM4,VAV3,PTEN,SQSTM1,AKT1S1,AKT1
GO:0042325	Regulation of phosphorylation	18	1626	0.74	2.92e-07	9606.ENSP00000215832,9606.ENSP00000219476,9606.ENSP00000226004,9606.ENSP00000262741,9606.ENSP00000265960,9606.ENSP00000286827,9606.ENSP00000307272,9606.ENSP00000316176,9606.ENSP00000329967,9606.ENSP00000338185,9606.ENSP00000340989,9606.ENSP00000348461,9606.ENSP00000354558,9606.ENSP00000359073,9606.ENSP00000361021,9606.ENSP00000374455,9606.ENSP00000375711,9606.ENSP00000451828	MAPK1,TSC2,DUSP3,PIK3R3,MAPKAP1,TIAM1,RPTOR,UBE2N,TBK1,PLCB1,SFN,RAC1,MTOR,VAV3,PTEN,SQSTM1,AKT1S1,AKT1
GO:0048522	Positive regulation of cellular process	30	5579	0.43	3.39e-07	9606.ENSP00000215530,9606.ENSP00000215832,9606.ENSP00000219476,9606.ENSP00000226004,9606.ENSP00000228825,9606.ENSP00000262741,9606.ENSP00000263238,9606.ENSP00000265960,9606.ENSP00000269321,9606.ENSP00000286827,9606.ENSP00000295685,9606.ENSP00000304169,9606.ENSP00000307272,9606.ENSP00000316176,9606.ENSP00000326031,9606.ENSP00000329967,9606.ENSP00000338185,9606.ENSP00000340989,9606.ENSP00000348461,9606.ENSP00000354558,9606.ENSP00000359073,9606.ENSP00000361021,9606.ENSP00000361930,9606.ENSP00000362588,9606.ENSP00000374455,9606.ENSP00000388169,9606.ENSP00000389631,9606.ENSP00000425561,9606.ENSP00000435412,9606.ENSP00000451828	FGF22,MAPK1,TSC2,DUSP3,ARPC3,PIK3R3,ACTR3,MAPKAP1,ARHGDIA,TIAM1,ARPC2,PITX2,RPTOR,UBE2N,PPP1CA,TBK1,PLCB1,SFN,RAC1,MTOR,VAV3,PTEN,YWHAB,PBX3,SQSTM1,ARPC4,ARPC1B,EIF4E,RPS6KA1,AKT1
GO:0051128	Regulation of cellular component organization	21	2402	0.64	3.39e-07	9606.ENSP00000215832,9606.ENSP00000219476,9606.ENSP00000226004,9606.ENSP00000228825,9606.ENSP00000263238,9606.ENSP00000269321,9606.ENSP00000286827,9606.ENSP00000295685,9606.ENSP00000307272,9606.ENSP00000316176,9606.ENSP00000338185,9606.ENSP00000340989,9606.ENSP00000348461,9606.ENSP00000354558,9606.ENSP00000361021,9606.ENSP00000361930,9606.ENSP00000374455,9606.ENSP00000388169,9606.ENSP00000389631,9606.ENSP00000435412,9606.ENSP00000451828	MAPK1,TSC2,DUSP3,ARPC3,ACTR3,ARHGDIA,TIAM1,ARPC2,RPTOR,UBE2N,PLCB1,SFN,RAC1,MTOR,PTEN,YWHAB,SQSTM1,ARPC4,ARPC1B,RPS6KA1,AKT1
GO:0001932	Regulation of protein phosphorylation	17	1459	0.77	4.42e-07	9606.ENSP00000215832,9606.ENSP00000219476,9606.ENSP00000226004,9606.ENSP00000262741,9606.ENSP00000265960,9606.ENSP00000286827,9606.ENSP00000307272,9606.ENSP00000316176,9606.ENSP00000329967,9606.ENSP00000338185,9606.ENSP00000340989,9606.ENSP00000348461,9606.ENSP00000354558,9606.ENSP00000361021,9606.ENSP00000374455,9606.ENSP00000375711,9606.ENSP00000451828	MAPK1,TSC2,DUSP3,PIK3R3,MAPKAP1,TIAM1,RPTOR,UBE2N,TBK1,PLCB1,SFN,RAC1,MTOR,PTEN,SQSTM1,AKT1S1,AKT1
GO:0034314	Arp2/3 complex-mediated actin nucleation	5	19	2.12	5.51e-07	9606.ENSP00000228825,9606.ENSP00000263238,9606.ENSP00000295685,9606.ENSP00000388169,9606.ENSP00000389631	ARPC3,ACTR3,ARPC2,ARPC4,ARPC1B
GO:0033043	Regulation of organelle organization	16	1306	0.79	7.26e-07	9606.ENSP00000215832,9606.ENSP00000219476,9606.ENSP00000228825,9606.ENSP00000263238,9606.ENSP00000269321,9606.ENSP00000295685,9606.ENSP00000316176,9606.ENSP00000338185,9606.ENSP00000340989,9606.ENSP00000348461,9606.ENSP00000354558,9606.ENSP00000361930,9606.ENSP00000374455,9606.ENSP00000388169,9606.ENSP00000389631,9606.ENSP00000451828	MAPK1,TSC2,ARPC3,ACTR3,ARHGDIA,ARPC2,UBE2N,PLCB1,SFN,RAC1,MTOR,YWHAB,SQSTM1,ARPC4,ARPC1B,AKT1
GO:0043549	Regulation of kinase activity	14	918	0.88	7.26e-07	9606.ENSP00000215832,9606.ENSP00000219476,9606.ENSP00000226004,9606.ENSP00000262741,9606.ENSP00000265960,9606.ENSP00000286827,9606.ENSP00000307272,9606.ENSP00000316176,9606.ENSP00000340989,9606.ENSP00000354558,9606.ENSP00000359073,9606.ENSP00000361021,9606.ENSP00000375711,9606.ENSP00000451828	MAPK1,TSC2,DUSP3,PIK3R3,MAPKAP1,TIAM1,RPTOR,UBE2N,SFN,MTOR,VAV3,PTEN,AKT1S1,AKT1
GO:0048584	Positive regulation of response to stimulus	20	2257	0.65	7.26e-07	9606.ENSP00000215530,9606.ENSP00000215832,9606.ENSP00000228825,9606.ENSP00000263238,9606.ENSP00000286827,9606.ENSP00000295685,9606.ENSP00000307272,9606.ENSP00000316176,9606.ENSP00000326031,9606.ENSP00000329967,9606.ENSP00000338185,9606.ENSP00000340989,9606.ENSP00000348461,9606.ENSP00000354558,9606.ENSP00000359073,9606.ENSP00000361021,9606.ENSP00000361930,9606.ENSP00000388169,9606.ENSP00000389631,9606.ENSP00000451828	FGF22,MAPK1,ARPC3,ACTR3,TIAM1,ARPC2,RPTOR,UBE2N,PPP1CA,TBK1,PLCB1,SFN,RAC1,MTOR,VAV3,PTEN,YWHAB,ARPC4,ARPC1B,AKT1
GO:0010646	Regulation of cell communication	24	3514	0.53	9.43e-07	9606.ENSP00000215530,9606.ENSP00000215832,9606.ENSP00000219476,9606.ENSP00000226004,9606.ENSP00000265960,9606.ENSP00000269321,9606.ENSP00000286827,9606.ENSP00000307272,9606.ENSP00000316176,9606.ENSP00000326031,9606.ENSP00000329967,9606.ENSP00000338185,9606.ENSP00000340989,9606.ENSP00000348461,9606.ENSP00000354558,9606.ENSP00000357804,9606.ENSP00000359073,9606.ENSP00000361021,9606.ENSP00000361930,9606.ENSP00000370744,9606.ENSP00000374455,9606.ENSP00000375711,9606.ENSP00000425561,9606.ENSP00000451828	FGF22,MAPK1,TSC2,DUSP3,MAPKAP1,ARHGDIA,TIAM1,RPTOR,UBE2N,PPP1CA,TBK1,PLCB1,SFN,RAC1,MTOR,THEM4,VAV3,PTEN,YWHAB,ITPR2,SQSTM1,AKT1S1,EIF4E,AKT1
GO:0007166	Cell surface receptor signaling pathway	20	2325	0.64	1.09e-06	9606.ENSP00000215530,9606.ENSP00000215832,9606.ENSP00000219476,9606.ENSP00000228825,9606.ENSP00000262741,9606.ENSP00000263238,9606.ENSP00000269321,9606.ENSP00000286827,9606.ENSP00000295685,9606.ENSP00000316176,9606.ENSP00000326031,9606.ENSP00000338185,9606.ENSP00000348461,9606.ENSP00000359073,9606.ENSP00000361021,9606.ENSP00000374455,9606.ENSP00000375711,9606.ENSP00000388169,9606.ENSP00000389631,9606.ENSP00000451828	FGF22,MAPK1,TSC2,ARPC3,PIK3R3,ACTR3,ARHGDIA,TIAM1,ARPC2,UBE2N,PPP1CA,PLCB1,RAC1,VAV3,PTEN,SQSTM1,AKT1S1,ARPC4,ARPC1B,AKT1
GO:0010638	Positive regulation of organelle organization	12	633	0.98	1.10e-06	9606.ENSP00000215832,9606.ENSP00000228825,9606.ENSP00000263238,9606.ENSP00000295685,9606.ENSP00000316176,9606.ENSP00000338185,9606.ENSP00000340989,9606.ENSP00000348461,9606.ENSP00000354558,9606.ENSP00000361930,9606.ENSP00000388169,9606.ENSP00000389631	MAPK1,ARPC3,ACTR3,ARPC2,UBE2N,PLCB1,SFN,RAC1,MTOR,YWHAB,ARPC4,ARPC1B
GO:0023051	Regulation of signaling	24	3553	0.53	1.10e-06	9606.ENSP00000215530,9606.ENSP00000215832,9606.ENSP00000219476,9606.ENSP00000226004,9606.ENSP00000265960,9606.ENSP00000269321,9606.ENSP00000286827,9606.ENSP00000307272,9606.ENSP00000316176,9606.ENSP00000326031,9606.ENSP00000329967,9606.ENSP00000338185,9606.ENSP00000340989,9606.ENSP00000348461,9606.ENSP00000354558,9606.ENSP00000357804,9606.ENSP00000359073,9606.ENSP00000361021,9606.ENSP00000361930,9606.ENSP00000370744,9606.ENSP00000374455,9606.ENSP00000375711,9606.ENSP00000425561,9606.ENSP00000451828	FGF22,MAPK1,TSC2,DUSP3,MAPKAP1,ARHGDIA,TIAM1,RPTOR,UBE2N,PPP1CA,TBK1,PLCB1,SFN,RAC1,MTOR,THEM4,VAV3,PTEN,YWHAB,ITPR2,SQSTM1,AKT1S1,EIF4E,AKT1
GO:0002253	Activation of immune response	10	385	1.11	1.45e-06	9606.ENSP00000215832,9606.ENSP00000228825,9606.ENSP00000263238,9606.ENSP00000295685,9606.ENSP00000316176,9606.ENSP00000329967,9606.ENSP00000348461,9606.ENSP00000359073,9606.ENSP00000388169,9606.ENSP00000389631	MAPK1,ARPC3,ACTR3,ARPC2,UBE2N,TBK1,RAC1,VAV3,ARPC4,ARPC1B
GO:0031399	Regulation of protein modification process	18	1870	0.68	1.53e-06	9606.ENSP00000215832,9606.ENSP00000219476,9606.ENSP00000226004,9606.ENSP00000262741,9606.ENSP00000265960,9606.ENSP00000286827,9606.ENSP00000307272,9606.ENSP00000316176,9606.ENSP00000329967,9606.ENSP00000338185,9606.ENSP00000340989,9606.ENSP00000348461,9606.ENSP00000354558,9606.ENSP00000361021,9606.ENSP00000361930,9606.ENSP00000374455,9606.ENSP00000375711,9606.ENSP00000451828	MAPK1,TSC2,DUSP3,PIK3R3,MAPKAP1,TIAM1,RPTOR,UBE2N,TBK1,PLCB1,SFN,RAC1,MTOR,PTEN,YWHAB,SQSTM1,AKT1S1,AKT1
GO:0032268	Regulation of cellular protein metabolic process	21	2693	0.59	1.58e-06	9606.ENSP00000215832,9606.ENSP00000219476,9606.ENSP00000226004,9606.ENSP00000262741,9606.ENSP00000265960,9606.ENSP00000286827,9606.ENSP00000307272,9606.ENSP00000316176,9606.ENSP00000326031,9606.ENSP00000329967,9606.ENSP00000338185,9606.ENSP00000340989,9606.ENSP00000348461,9606.ENSP00000354558,9606.ENSP00000361021,9606.ENSP00000361930,9606.ENSP00000374455,9606.ENSP00000375711,9606.ENSP00000425561,9606.ENSP00000435412,9606.ENSP00000451828	MAPK1,TSC2,DUSP3,PIK3R3,MAPKAP1,TIAM1,RPTOR,UBE2N,PPP1CA,TBK1,PLCB1,SFN,RAC1,MTOR,PTEN,YWHAB,SQSTM1,AKT1S1,EIF4E,RPS6KA1,AKT1
GO:0032273	Positive regulation of protein polymerization	7	128	1.44	2.65e-06	9606.ENSP00000228825,9606.ENSP00000263238,9606.ENSP00000295685,9606.ENSP00000348461,9606.ENSP00000354558,9606.ENSP00000388169,9606.ENSP00000389631	ARPC3,ACTR3,ARPC2,RAC1,MTOR,ARPC4,ARPC1B
GO:0009966	Regulation of signal transduction	22	3107	0.55	2.77e-06	9606.ENSP00000215530,9606.ENSP00000215832,9606.ENSP00000219476,9606.ENSP00000226004,9606.ENSP00000265960,9606.ENSP00000269321,9606.ENSP00000286827,9606.ENSP00000307272,9606.ENSP00000316176,9606.ENSP00000326031,9606.ENSP00000329967,9606.ENSP00000338185,9606.ENSP00000340989,9606.ENSP00000348461,9606.ENSP00000354558,9606.ENSP00000357804,9606.ENSP00000359073,9606.ENSP00000361021,9606.ENSP00000361930,9606.ENSP00000374455,9606.ENSP00000375711,9606.ENSP00000451828	FGF22,MAPK1,TSC2,DUSP3,MAPKAP1,ARHGDIA,TIAM1,RPTOR,UBE2N,PPP1CA,TBK1,PLCB1,SFN,RAC1,MTOR,THEM4,VAV3,PTEN,YWHAB,SQSTM1,AKT1S1,AKT1
GO:0002429	Immune response-activating cell surface receptor signaling pathway	9	311	1.16	3.10e-06	9606.ENSP00000215832,9606.ENSP00000228825,9606.ENSP00000263238,9606.ENSP00000295685,9606.ENSP00000316176,9606.ENSP00000348461,9606.ENSP00000359073,9606.ENSP00000388169,9606.ENSP00000389631	MAPK1,ARPC3,ACTR3,ARPC2,UBE2N,RAC1,VAV3,ARPC4,ARPC1B
GO:0042327	Positive regulation of phosphorylation	14	1093	0.81	3.52e-06	9606.ENSP00000215832,9606.ENSP00000262741,9606.ENSP00000265960,9606.ENSP00000286827,9606.ENSP00000307272,9606.ENSP00000316176,9606.ENSP00000329967,9606.ENSP00000338185,9606.ENSP00000348461,9606.ENSP00000354558,9606.ENSP00000359073,9606.ENSP00000361021,9606.ENSP00000374455,9606.ENSP00000451828	MAPK1,PIK3R3,MAPKAP1,TIAM1,RPTOR,UBE2N,TBK1,PLCB1,RAC1,MTOR,VAV3,PTEN,SQSTM1,AKT1
GO:0045792	Negative regulation of cell size	4	10	2.3	3.68e-06	9606.ENSP00000354558,9606.ENSP00000361021,9606.ENSP00000375711,9606.ENSP00000451828	MTOR,PTEN,AKT1S1,AKT1
GO:0080135	Regulation of cellular response to stress	12	739	0.91	3.77e-06	9606.ENSP00000215832,9606.ENSP00000226004,9606.ENSP00000265960,9606.ENSP00000286827,9606.ENSP00000307272,9606.ENSP00000316176,9606.ENSP00000338185,9606.ENSP00000354558,9606.ENSP00000361021,9606.ENSP00000375711,9606.ENSP00000428209,9606.ENSP00000451828	MAPK1,DUSP3,MAPKAP1,TIAM1,RPTOR,UBE2N,PLCB1,MTOR,PTEN,AKT1S1,UBE2V2,AKT1
GO:0070887	Cellular response to chemical stimulus	21	2919	0.56	4.96e-06	9606.ENSP00000215530,9606.ENSP00000215832,9606.ENSP00000226004,9606.ENSP00000228825,9606.ENSP00000262741,9606.ENSP00000263238,9606.ENSP00000307272,9606.ENSP00000316176,9606.ENSP00000329967,9606.ENSP00000338185,9606.ENSP00000348461,9606.ENSP00000354558,9606.ENSP00000359073,9606.ENSP00000361021,9606.ENSP00000365807,9606.ENSP00000370744,9606.ENSP00000374455,9606.ENSP00000375711,9606.ENSP00000376352,9606.ENSP00000425561,9606.ENSP00000451828	FGF22,MAPK1,DUSP3,ARPC3,PIK3R3,ACTR3,RPTOR,UBE2N,TBK1,PLCB1,RAC1,MTOR,VAV3,PTEN,GNA14,ITPR2,SQSTM1,AKT1S1,PDK1,EIF4E,AKT1
GO:0043491	Protein kinase b signaling	5	38	1.82	5.70e-06	9606.ENSP00000219476,9606.ENSP00000262741,9606.ENSP00000357804,9606.ENSP00000361021,9606.ENSP00000451828	TSC2,PIK3R3,THEM4,PTEN,AKT1
GO:0042221	Response to chemical	25	4333	0.46	6.13e-06	9606.ENSP00000215530,9606.ENSP00000215832,9606.ENSP00000219476,9606.ENSP00000226004,9606.ENSP00000228825,9606.ENSP00000262741,9606.ENSP00000263238,9606.ENSP00000286827,9606.ENSP00000307272,9606.ENSP00000316176,9606.ENSP00000326031,9606.ENSP00000329967,9606.ENSP00000338185,9606.ENSP00000348461,9606.ENSP00000354558,9606.ENSP00000359073,9606.ENSP00000361021,9606.ENSP00000365807,9606.ENSP00000370744,9606.ENSP00000374455,9606.ENSP00000375711,9606.ENSP00000376352,9606.ENSP00000389631,9606.ENSP00000425561,9606.ENSP00000451828	FGF22,MAPK1,TSC2,DUSP3,ARPC3,PIK3R3,ACTR3,TIAM1,RPTOR,UBE2N,PPP1CA,TBK1,PLCB1,RAC1,MTOR,VAV3,PTEN,GNA14,ITPR2,SQSTM1,AKT1S1,PDK1,ARPC1B,EIF4E,AKT1
GO:0006796	Phosphate-containing compound metabolic process	18	2107	0.63	6.49e-06	9606.ENSP00000215530,9606.ENSP00000215832,9606.ENSP00000226004,9606.ENSP00000243501,9606.ENSP00000262741,9606.ENSP00000316176,9606.ENSP00000326031,9606.ENSP00000329967,9606.ENSP00000338185,9606.ENSP00000340523,9606.ENSP00000354558,9606.ENSP00000357804,9606.ENSP00000361021,9606.ENSP00000361930,9606.ENSP00000374455,9606.ENSP00000376352,9606.ENSP00000435412,9606.ENSP00000451828	FGF22,MAPK1,DUSP3,PLA2G12A,PIK3R3,UBE2N,PPP1CA,TBK1,PLCB1,NMNAT3,MTOR,THEM4,PTEN,YWHAB,SQSTM1,PDK1,RPS6KA1,AKT1
GO:0050790	Regulation of catalytic activity	19	2386	0.6	6.49e-06	9606.ENSP00000215832,9606.ENSP00000219476,9606.ENSP00000226004,9606.ENSP00000262741,9606.ENSP00000265960,9606.ENSP00000269321,9606.ENSP00000286827,9606.ENSP00000307272,9606.ENSP00000316176,9606.ENSP00000338185,9606.ENSP00000340989,9606.ENSP00000354558,9606.ENSP00000359073,9606.ENSP00000361021,9606.ENSP00000361930,9606.ENSP00000375711,9606.ENSP00000376352,9606.ENSP00000435412,9606.ENSP00000451828	MAPK1,TSC2,DUSP3,PIK3R3,MAPKAP1,ARHGDIA,TIAM1,RPTOR,UBE2N,PLCB1,SFN,MTOR,VAV3,PTEN,YWHAB,AKT1S1,PDK1,RPS6KA1,AKT1
GO:0030838	Positive regulation of actin filament polymerization	6	91	1.52	7.95e-06	9606.ENSP00000228825,9606.ENSP00000263238,9606.ENSP00000295685,9606.ENSP00000354558,9606.ENSP00000388169,9606.ENSP00000389631	ARPC3,ACTR3,ARPC2,MTOR,ARPC4,ARPC1B
GO:0045859	Regulation of protein kinase activity	12	812	0.87	8.38e-06	9606.ENSP00000215832,9606.ENSP00000219476,9606.ENSP00000226004,9606.ENSP00000265960,9606.ENSP00000286827,9606.ENSP00000307272,9606.ENSP00000316176,9606.ENSP00000340989,9606.ENSP00000354558,9606.ENSP00000361021,9606.ENSP00000375711,9606.ENSP00000451828	MAPK1,TSC2,DUSP3,MAPKAP1,TIAM1,RPTOR,UBE2N,SFN,MTOR,PTEN,AKT1S1,AKT1
GO:0051130	Positive regulation of cellular component organization	14	1209	0.76	9.28e-06	9606.ENSP00000215832,9606.ENSP00000228825,9606.ENSP00000263238,9606.ENSP00000269321,9606.ENSP00000286827,9606.ENSP00000295685,9606.ENSP00000316176,9606.ENSP00000338185,9606.ENSP00000340989,9606.ENSP00000348461,9606.ENSP00000354558,9606.ENSP00000361930,9606.ENSP00000388169,9606.ENSP00000389631	MAPK1,ARPC3,ACTR3,ARHGDIA,TIAM1,ARPC2,UBE2N,PLCB1,SFN,RAC1,MTOR,YWHAB,ARPC4,ARPC1B
GO:0001934	Positive regulation of protein phosphorylation	13	1019	0.81	1.05e-05	9606.ENSP00000215832,9606.ENSP00000262741,9606.ENSP00000265960,9606.ENSP00000286827,9606.ENSP00000307272,9606.ENSP00000316176,9606.ENSP00000329967,9606.ENSP00000338185,9606.ENSP00000348461,9606.ENSP00000354558,9606.ENSP00000361021,9606.ENSP00000374455,9606.ENSP00000451828	MAPK1,PIK3R3,MAPKAP1,TIAM1,RPTOR,UBE2N,TBK1,PLCB1,RAC1,MTOR,PTEN,SQSTM1,AKT1
GO:0050794	Regulation of cellular process	37	10932	0.23	1.45e-05	9606.ENSP00000215530,9606.ENSP00000215832,9606.ENSP00000219476,9606.ENSP00000226004,9606.ENSP00000228825,9606.ENSP00000262741,9606.ENSP00000263238,9606.ENSP00000265960,9606.ENSP00000269321,9606.ENSP00000286827,9606.ENSP00000295685,9606.ENSP00000304169,9606.ENSP00000307272,9606.ENSP00000316176,9606.ENSP00000326031,9606.ENSP00000328059,9606.ENSP00000329967,9606.ENSP00000338185,9606.ENSP00000340989,9606.ENSP00000348461,9606.ENSP00000354558,9606.ENSP00000357804,9606.ENSP00000359073,9606.ENSP00000361021,9606.ENSP00000361930,9606.ENSP00000362588,9606.ENSP00000365807,9606.ENSP00000370744,9606.ENSP00000374455,9606.ENSP00000375711,9606.ENSP00000376352,9606.ENSP00000388169,9606.ENSP00000389631,9606.ENSP00000425561,9606.ENSP00000428209,9606.ENSP00000435412,9606.ENSP00000451828	FGF22,MAPK1,TSC2,DUSP3,ARPC3,PIK3R3,ACTR3,MAPKAP1,ARHGDIA,TIAM1,ARPC2,PITX2,RPTOR,UBE2N,PPP1CA,RLIM,TBK1,PLCB1,SFN,RAC1,MTOR,THEM4,VAV3,PTEN,YWHAB,PBX3,GNA14,ITPR2,SQSTM1,AKT1S1,PDK1,ARPC4,ARPC1B,EIF4E,UBE2V2,RPS6KA1,AKT1
GO:0008361	Regulation of cell size	7	183	1.28	1.73e-05	9606.ENSP00000307272,9606.ENSP00000348461,9606.ENSP00000354558,9606.ENSP00000359073,9606.ENSP00000361021,9606.ENSP00000375711,9606.ENSP00000451828	RPTOR,RAC1,MTOR,VAV3,PTEN,AKT1S1,AKT1
GO:1902905	Positive regulation of supramolecular fiber organization	7	198	1.25	2.87e-05	9606.ENSP00000228825,9606.ENSP00000263238,9606.ENSP00000295685,9606.ENSP00000348461,9606.ENSP00000354558,9606.ENSP00000388169,9606.ENSP00000389631	ARPC3,ACTR3,ARPC2,RAC1,MTOR,ARPC4,ARPC1B
GO:0071310	Cellular response to organic substance	18	2369	0.58	3.16e-05	9606.ENSP00000215530,9606.ENSP00000215832,9606.ENSP00000226004,9606.ENSP00000228825,9606.ENSP00000262741,9606.ENSP00000263238,9606.ENSP00000307272,9606.ENSP00000316176,9606.ENSP00000329967,9606.ENSP00000338185,9606.ENSP00000354558,9606.ENSP00000361021,9606.ENSP00000365807,9606.ENSP00000370744,9606.ENSP00000374455,9606.ENSP00000375711,9606.ENSP00000425561,9606.ENSP00000451828	FGF22,MAPK1,DUSP3,ARPC3,PIK3R3,ACTR3,RPTOR,UBE2N,TBK1,PLCB1,MTOR,PTEN,GNA14,ITPR2,SQSTM1,AKT1S1,EIF4E,AKT1
GO:0080090	Regulation of primary metabolic process	28	6032	0.37	3.44e-05	9606.ENSP00000215832,9606.ENSP00000219476,9606.ENSP00000226004,9606.ENSP00000262741,9606.ENSP00000263238,9606.ENSP00000265960,9606.ENSP00000286827,9606.ENSP00000304169,9606.ENSP00000307272,9606.ENSP00000316176,9606.ENSP00000326031,9606.ENSP00000328059,9606.ENSP00000329967,9606.ENSP00000338185,9606.ENSP00000340989,9606.ENSP00000348461,9606.ENSP00000354558,9606.ENSP00000359073,9606.ENSP00000361021,9606.ENSP00000361930,9606.ENSP00000362588,9606.ENSP00000374455,9606.ENSP00000375711,9606.ENSP00000376352,9606.ENSP00000425561,9606.ENSP00000428209,9606.ENSP00000435412,9606.ENSP00000451828	MAPK1,TSC2,DUSP3,PIK3R3,ACTR3,MAPKAP1,TIAM1,PITX2,RPTOR,UBE2N,PPP1CA,RLIM,TBK1,PLCB1,SFN,RAC1,MTOR,VAV3,PTEN,YWHAB,PBX3,SQSTM1,AKT1S1,PDK1,EIF4E,UBE2V2,RPS6KA1,AKT1
GO:0010033	Response to organic substance	20	3011	0.52	3.81e-05	9606.ENSP00000215530,9606.ENSP00000215832,9606.ENSP00000226004,9606.ENSP00000228825,9606.ENSP00000262741,9606.ENSP00000263238,9606.ENSP00000286827,9606.ENSP00000307272,9606.ENSP00000316176,9606.ENSP00000329967,9606.ENSP00000338185,9606.ENSP00000354558,9606.ENSP00000361021,9606.ENSP00000365807,9606.ENSP00000370744,9606.ENSP00000374455,9606.ENSP00000375711,9606.ENSP00000389631,9606.ENSP00000425561,9606.ENSP00000451828	FGF22,MAPK1,DUSP3,ARPC3,PIK3R3,ACTR3,TIAM1,RPTOR,UBE2N,TBK1,PLCB1,MTOR,PTEN,GNA14,ITPR2,SQSTM1,AKT1S1,ARPC1B,EIF4E,AKT1
GO:0065008	Regulation of biological quality	23	4042	0.46	3.88e-05	9606.ENSP00000215832,9606.ENSP00000228825,9606.ENSP00000263238,9606.ENSP00000286827,9606.ENSP00000295685,9606.ENSP00000307272,9606.ENSP00000326031,9606.ENSP00000338185,9606.ENSP00000340989,9606.ENSP00000348461,9606.ENSP00000354558,9606.ENSP00000357804,9606.ENSP00000359073,9606.ENSP00000361021,9606.ENSP00000361930,9606.ENSP00000365807,9606.ENSP00000370744,9606.ENSP00000374455,9606.ENSP00000375711,9606.ENSP00000376352,9606.ENSP00000388169,9606.ENSP00000389631,9606.ENSP00000451828	MAPK1,ARPC3,ACTR3,TIAM1,ARPC2,RPTOR,PPP1CA,PLCB1,SFN,RAC1,MTOR,THEM4,VAV3,PTEN,YWHAB,GNA14,ITPR2,SQSTM1,AKT1S1,PDK1,ARPC4,ARPC1B,AKT1
GO:0031400	Negative regulation of protein modification process	10	602	0.92	4.27e-05	9606.ENSP00000219476,9606.ENSP00000226004,9606.ENSP00000307272,9606.ENSP00000340989,9606.ENSP00000354558,9606.ENSP00000361021,9606.ENSP00000361930,9606.ENSP00000374455,9606.ENSP00000375711,9606.ENSP00000451828	TSC2,DUSP3,RPTOR,SFN,MTOR,PTEN,YWHAB,SQSTM1,AKT1S1,AKT1
GO:0051495	Positive regulation of cytoskeleton organization	7	220	1.2	5.17e-05	9606.ENSP00000228825,9606.ENSP00000263238,9606.ENSP00000295685,9606.ENSP00000348461,9606.ENSP00000354558,9606.ENSP00000388169,9606.ENSP00000389631	ARPC3,ACTR3,ARPC2,RAC1,MTOR,ARPC4,ARPC1B
GO:0010592	Positive regulation of lamellipodium assembly	4	25	1.9	5.47e-05	9606.ENSP00000263238,9606.ENSP00000295685,9606.ENSP00000348461,9606.ENSP00000354558	ACTR3,ARPC2,RAC1,MTOR
GO:0061024	Membrane organization	11	796	0.84	5.51e-05	9606.ENSP00000228825,9606.ENSP00000263238,9606.ENSP00000295685,9606.ENSP00000340989,9606.ENSP00000348461,9606.ENSP00000357804,9606.ENSP00000359073,9606.ENSP00000361021,9606.ENSP00000361930,9606.ENSP00000388169,9606.ENSP00000451828	ARPC3,ACTR3,ARPC2,SFN,RAC1,THEM4,VAV3,PTEN,YWHAB,ARPC4,AKT1
GO:0051896	Regulation of protein kinase b signaling	7	226	1.19	5.91e-05	9606.ENSP00000215530,9606.ENSP00000219476,9606.ENSP00000348461,9606.ENSP00000354558,9606.ENSP00000357804,9606.ENSP00000361021,9606.ENSP00000451828	FGF22,TSC2,RAC1,MTOR,THEM4,PTEN,AKT1
GO:0031323	Regulation of cellular metabolic process	28	6239	0.35	6.53e-05	9606.ENSP00000215832,9606.ENSP00000219476,9606.ENSP00000226004,9606.ENSP00000262741,9606.ENSP00000263238,9606.ENSP00000265960,9606.ENSP00000286827,9606.ENSP00000304169,9606.ENSP00000307272,9606.ENSP00000316176,9606.ENSP00000326031,9606.ENSP00000328059,9606.ENSP00000329967,9606.ENSP00000338185,9606.ENSP00000340989,9606.ENSP00000348461,9606.ENSP00000354558,9606.ENSP00000359073,9606.ENSP00000361021,9606.ENSP00000361930,9606.ENSP00000362588,9606.ENSP00000374455,9606.ENSP00000375711,9606.ENSP00000376352,9606.ENSP00000425561,9606.ENSP00000428209,9606.ENSP00000435412,9606.ENSP00000451828	MAPK1,TSC2,DUSP3,PIK3R3,ACTR3,MAPKAP1,TIAM1,PITX2,RPTOR,UBE2N,PPP1CA,RLIM,TBK1,PLCB1,SFN,RAC1,MTOR,VAV3,PTEN,YWHAB,PBX3,SQSTM1,AKT1S1,PDK1,EIF4E,UBE2V2,RPS6KA1,AKT1
GO:0032956	Regulation of actin cytoskeleton organization	8	348	1.06	6.78e-05	9606.ENSP00000228825,9606.ENSP00000263238,9606.ENSP00000269321,9606.ENSP00000295685,9606.ENSP00000348461,9606.ENSP00000354558,9606.ENSP00000388169,9606.ENSP00000389631	ARPC3,ACTR3,ARHGDIA,ARPC2,RAC1,MTOR,ARPC4,ARPC1B
GO:0006469	Negative regulation of protein kinase activity	7	236	1.17	7.35e-05	9606.ENSP00000219476,9606.ENSP00000226004,9606.ENSP00000307272,9606.ENSP00000340989,9606.ENSP00000361021,9606.ENSP00000375711,9606.ENSP00000451828	TSC2,DUSP3,RPTOR,SFN,PTEN,AKT1S1,AKT1
GO:0051171	Regulation of nitrogen compound metabolic process	27	5836	0.37	7.35e-05	9606.ENSP00000215832,9606.ENSP00000219476,9606.ENSP00000226004,9606.ENSP00000262741,9606.ENSP00000263238,9606.ENSP00000265960,9606.ENSP00000286827,9606.ENSP00000304169,9606.ENSP00000307272,9606.ENSP00000316176,9606.ENSP00000326031,9606.ENSP00000328059,9606.ENSP00000329967,9606.ENSP00000338185,9606.ENSP00000340989,9606.ENSP00000348461,9606.ENSP00000354558,9606.ENSP00000361021,9606.ENSP00000361930,9606.ENSP00000362588,9606.ENSP00000374455,9606.ENSP00000375711,9606.ENSP00000376352,9606.ENSP00000425561,9606.ENSP00000428209,9606.ENSP00000435412,9606.ENSP00000451828	MAPK1,TSC2,DUSP3,PIK3R3,ACTR3,MAPKAP1,TIAM1,PITX2,RPTOR,UBE2N,PPP1CA,RLIM,TBK1,PLCB1,SFN,RAC1,MTOR,PTEN,YWHAB,PBX3,SQSTM1,AKT1S1,PDK1,EIF4E,UBE2V2,RPS6KA1,AKT1
GO:0031929	TOR signaling	4	29	1.84	8.32e-05	9606.ENSP00000265960,9606.ENSP00000307272,9606.ENSP00000354558,9606.ENSP00000451828	MAPKAP1,RPTOR,MTOR,AKT1
GO:0032269	Negative regulation of cellular protein metabolic process	12	1043	0.76	8.67e-05	9606.ENSP00000219476,9606.ENSP00000226004,9606.ENSP00000307272,9606.ENSP00000340989,9606.ENSP00000354558,9606.ENSP00000361021,9606.ENSP00000361930,9606.ENSP00000374455,9606.ENSP00000375711,9606.ENSP00000425561,9606.ENSP00000435412,9606.ENSP00000451828	TSC2,DUSP3,RPTOR,SFN,MTOR,PTEN,YWHAB,SQSTM1,AKT1S1,EIF4E,RPS6KA1,AKT1
GO:0002682	Regulation of immune system process	14	1514	0.67	0.00010	9606.ENSP00000215832,9606.ENSP00000226004,9606.ENSP00000228825,9606.ENSP00000263238,9606.ENSP00000295685,9606.ENSP00000316176,9606.ENSP00000329967,9606.ENSP00000338185,9606.ENSP00000348461,9606.ENSP00000354558,9606.ENSP00000359073,9606.ENSP00000388169,9606.ENSP00000389631,9606.ENSP00000451828	MAPK1,DUSP3,ARPC3,ACTR3,ARPC2,UBE2N,TBK1,PLCB1,RAC1,MTOR,VAV3,ARPC4,ARPC1B,AKT1
GO:0070358	Actin polymerization-dependent cell motility	3	7	2.33	0.00013	9606.ENSP00000228825,9606.ENSP00000263238,9606.ENSP00000295685	ARPC3,ACTR3,ARPC2
GO:0010647	Positive regulation of cell communication	15	1823	0.62	0.00014	9606.ENSP00000215530,9606.ENSP00000215832,9606.ENSP00000286827,9606.ENSP00000307272,9606.ENSP00000316176,9606.ENSP00000326031,9606.ENSP00000329967,9606.ENSP00000338185,9606.ENSP00000340989,9606.ENSP00000348461,9606.ENSP00000354558,9606.ENSP00000361021,9606.ENSP00000361930,9606.ENSP00000374455,9606.ENSP00000451828	FGF22,MAPK1,TIAM1,RPTOR,UBE2N,PPP1CA,TBK1,PLCB1,SFN,RAC1,MTOR,PTEN,YWHAB,SQSTM1,AKT1
GO:0045927	Positive regulation of growth	7	267	1.12	0.00014	9606.ENSP00000215832,9606.ENSP00000307272,9606.ENSP00000338185,9606.ENSP00000340989,9606.ENSP00000354558,9606.ENSP00000435412,9606.ENSP00000451828	MAPK1,RPTOR,PLCB1,SFN,MTOR,RPS6KA1,AKT1
GO:0050776	Regulation of immune response	11	896	0.79	0.00014	9606.ENSP00000215832,9606.ENSP00000226004,9606.ENSP00000228825,9606.ENSP00000263238,9606.ENSP00000295685,9606.ENSP00000316176,9606.ENSP00000329967,9606.ENSP00000348461,9606.ENSP00000359073,9606.ENSP00000388169,9606.ENSP00000389631	MAPK1,DUSP3,ARPC3,ACTR3,ARPC2,UBE2N,TBK1,RAC1,VAV3,ARPC4,ARPC1B
GO:0023056	Positive regulation of signaling	15	1831	0.61	0.00015	9606.ENSP00000215530,9606.ENSP00000215832,9606.ENSP00000286827,9606.ENSP00000307272,9606.ENSP00000316176,9606.ENSP00000326031,9606.ENSP00000329967,9606.ENSP00000338185,9606.ENSP00000340989,9606.ENSP00000348461,9606.ENSP00000354558,9606.ENSP00000361021,9606.ENSP00000361930,9606.ENSP00000374455,9606.ENSP00000451828	FGF22,MAPK1,TIAM1,RPTOR,UBE2N,PPP1CA,TBK1,PLCB1,SFN,RAC1,MTOR,PTEN,YWHAB,SQSTM1,AKT1
GO:0051493	Regulation of cytoskeleton organization	9	546	0.92	0.00015	9606.ENSP00000215832,9606.ENSP00000228825,9606.ENSP00000263238,9606.ENSP00000269321,9606.ENSP00000295685,9606.ENSP00000348461,9606.ENSP00000354558,9606.ENSP00000388169,9606.ENSP00000389631	MAPK1,ARPC3,ACTR3,ARHGDIA,ARPC2,RAC1,MTOR,ARPC4,ARPC1B
GO:0110053	Regulation of actin filament organization	7	273	1.11	0.00015	9606.ENSP00000228825,9606.ENSP00000263238,9606.ENSP00000295685,9606.ENSP00000348461,9606.ENSP00000354558,9606.ENSP00000388169,9606.ENSP00000389631	ARPC3,ACTR3,ARPC2,RAC1,MTOR,ARPC4,ARPC1B
GO:0006915	Apoptotic process	11	918	0.78	0.00017	9606.ENSP00000215832,9606.ENSP00000219476,9606.ENSP00000286827,9606.ENSP00000340989,9606.ENSP00000354558,9606.ENSP00000357804,9606.ENSP00000361021,9606.ENSP00000374455,9606.ENSP00000376352,9606.ENSP00000435412,9606.ENSP00000451828	MAPK1,TSC2,TIAM1,SFN,MTOR,THEM4,PTEN,SQSTM1,PDK1,RPS6KA1,AKT1
GO:0001933	Negative regulation of protein phosphorylation	8	411	0.99	0.00018	9606.ENSP00000219476,9606.ENSP00000226004,9606.ENSP00000307272,9606.ENSP00000340989,9606.ENSP00000354558,9606.ENSP00000361021,9606.ENSP00000375711,9606.ENSP00000451828	TSC2,DUSP3,RPTOR,SFN,MTOR,PTEN,AKT1S1,AKT1
GO:0045936	Negative regulation of phosphate metabolic process	9	561	0.91	0.00018	9606.ENSP00000219476,9606.ENSP00000226004,9606.ENSP00000307272,9606.ENSP00000340989,9606.ENSP00000354558,9606.ENSP00000361021,9606.ENSP00000361930,9606.ENSP00000375711,9606.ENSP00000451828	TSC2,DUSP3,RPTOR,SFN,MTOR,PTEN,YWHAB,AKT1S1,AKT1
GO:0002684	Positive regulation of immune system process	11	949	0.76	0.00021	9606.ENSP00000215832,9606.ENSP00000228825,9606.ENSP00000263238,9606.ENSP00000295685,9606.ENSP00000316176,9606.ENSP00000329967,9606.ENSP00000348461,9606.ENSP00000359073,9606.ENSP00000388169,9606.ENSP00000389631,9606.ENSP00000451828	MAPK1,ARPC3,ACTR3,ARPC2,UBE2N,TBK1,RAC1,VAV3,ARPC4,ARPC1B,AKT1
GO:0065009	Regulation of molecular function	24	4913	0.39	0.00021	9606.ENSP00000215530,9606.ENSP00000215832,9606.ENSP00000219476,9606.ENSP00000226004,9606.ENSP00000262741,9606.ENSP00000265960,9606.ENSP00000269321,9606.ENSP00000286827,9606.ENSP00000304169,9606.ENSP00000307272,9606.ENSP00000316176,9606.ENSP00000326031,9606.ENSP00000328059,9606.ENSP00000338185,9606.ENSP00000340989,9606.ENSP00000354558,9606.ENSP00000359073,9606.ENSP00000361021,9606.ENSP00000361930,9606.ENSP00000362588,9606.ENSP00000375711,9606.ENSP00000376352,9606.ENSP00000435412,9606.ENSP00000451828	FGF22,MAPK1,TSC2,DUSP3,PIK3R3,MAPKAP1,ARHGDIA,TIAM1,PITX2,RPTOR,UBE2N,PPP1CA,RLIM,PLCB1,SFN,MTOR,VAV3,PTEN,YWHAB,PBX3,AKT1S1,PDK1,RPS6KA1,AKT1
GO:0009967	Positive regulation of signal transduction	14	1654	0.63	0.00023	9606.ENSP00000215530,9606.ENSP00000215832,9606.ENSP00000286827,9606.ENSP00000307272,9606.ENSP00000316176,9606.ENSP00000326031,9606.ENSP00000329967,9606.ENSP00000338185,9606.ENSP00000340989,9606.ENSP00000348461,9606.ENSP00000354558,9606.ENSP00000361021,9606.ENSP00000361930,9606.ENSP00000451828	FGF22,MAPK1,TIAM1,RPTOR,UBE2N,PPP1CA,TBK1,PLCB1,SFN,RAC1,MTOR,PTEN,YWHAB,AKT1
GO:0071495	Cellular response to endogenous stimulus	12	1181	0.71	0.00025	9606.ENSP00000215530,9606.ENSP00000215832,9606.ENSP00000226004,9606.ENSP00000228825,9606.ENSP00000262741,9606.ENSP00000307272,9606.ENSP00000354558,9606.ENSP00000361021,9606.ENSP00000365807,9606.ENSP00000370744,9606.ENSP00000425561,9606.ENSP00000451828	FGF22,MAPK1,DUSP3,ARPC3,PIK3R3,RPTOR,MTOR,PTEN,GNA14,ITPR2,EIF4E,AKT1
GO:0080134	Regulation of response to stress	13	1437	0.66	0.00029	9606.ENSP00000215832,9606.ENSP00000226004,9606.ENSP00000265960,9606.ENSP00000286827,9606.ENSP00000307272,9606.ENSP00000316176,9606.ENSP00000329967,9606.ENSP00000338185,9606.ENSP00000354558,9606.ENSP00000361021,9606.ENSP00000375711,9606.ENSP00000428209,9606.ENSP00000451828	MAPK1,DUSP3,MAPKAP1,TIAM1,RPTOR,UBE2N,TBK1,PLCB1,MTOR,PTEN,AKT1S1,UBE2V2,AKT1
GO:0043276	Anoikis	3	11	2.14	0.00030	9606.ENSP00000219476,9606.ENSP00000354558,9606.ENSP00000451828	TSC2,MTOR,AKT1
GO:0009719	Response to endogenous stimulus	13	1447	0.65	0.00031	9606.ENSP00000215530,9606.ENSP00000215832,9606.ENSP00000226004,9606.ENSP00000228825,9606.ENSP00000262741,9606.ENSP00000307272,9606.ENSP00000354558,9606.ENSP00000361021,9606.ENSP00000365807,9606.ENSP00000370744,9606.ENSP00000389631,9606.ENSP00000425561,9606.ENSP00000451828	FGF22,MAPK1,DUSP3,ARPC3,PIK3R3,RPTOR,MTOR,PTEN,GNA14,ITPR2,ARPC1B,EIF4E,AKT1
GO:0051898	Negative regulation of protein kinase b signaling	4	46	1.64	0.00032	9606.ENSP00000219476,9606.ENSP00000357804,9606.ENSP00000361021,9606.ENSP00000451828	TSC2,THEM4,PTEN,AKT1
GO:0051056	Regulation of small gtpase mediated signal transduction	7	320	1.04	0.00036	9606.ENSP00000219476,9606.ENSP00000265960,9606.ENSP00000269321,9606.ENSP00000286827,9606.ENSP00000348461,9606.ENSP00000359073,9606.ENSP00000374455	TSC2,MAPKAP1,ARHGDIA,TIAM1,RAC1,VAV3,SQSTM1
GO:0040011	Locomotion	12	1251	0.68	0.00040	9606.ENSP00000215832,9606.ENSP00000219476,9606.ENSP00000228825,9606.ENSP00000262741,9606.ENSP00000263238,9606.ENSP00000286827,9606.ENSP00000295685,9606.ENSP00000304169,9606.ENSP00000348461,9606.ENSP00000359073,9606.ENSP00000361021,9606.ENSP00000451828	MAPK1,TSC2,ARPC3,PIK3R3,ACTR3,TIAM1,ARPC2,PITX2,RAC1,VAV3,PTEN,AKT1
GO:0043085	Positive regulation of catalytic activity	13	1489	0.64	0.00040	9606.ENSP00000215832,9606.ENSP00000219476,9606.ENSP00000265960,9606.ENSP00000269321,9606.ENSP00000286827,9606.ENSP00000307272,9606.ENSP00000316176,9606.ENSP00000338185,9606.ENSP00000354558,9606.ENSP00000359073,9606.ENSP00000361021,9606.ENSP00000361930,9606.ENSP00000451828	MAPK1,TSC2,MAPKAP1,ARHGDIA,TIAM1,RPTOR,UBE2N,PLCB1,MTOR,VAV3,PTEN,YWHAB,AKT1
GO:0048009	Insulin-like growth factor receptor signaling pathway	3	13	2.06	0.00043	9606.ENSP00000219476,9606.ENSP00000338185,9606.ENSP00000451828	TSC2,PLCB1,AKT1
GO:1901699	Cellular response to nitrogen compound	9	645	0.85	0.00044	9606.ENSP00000215832,9606.ENSP00000262741,9606.ENSP00000307272,9606.ENSP00000338185,9606.ENSP00000354558,9606.ENSP00000361021,9606.ENSP00000365807,9606.ENSP00000370744,9606.ENSP00000451828	MAPK1,PIK3R3,RPTOR,PLCB1,MTOR,PTEN,GNA14,ITPR2,AKT1
GO:1902533	Positive regulation of intracellular signal transduction	11	1041	0.72	0.00044	9606.ENSP00000215530,9606.ENSP00000215832,9606.ENSP00000286827,9606.ENSP00000307272,9606.ENSP00000316176,9606.ENSP00000329967,9606.ENSP00000338185,9606.ENSP00000348461,9606.ENSP00000354558,9606.ENSP00000361021,9606.ENSP00000451828	FGF22,MAPK1,TIAM1,RPTOR,UBE2N,TBK1,PLCB1,RAC1,MTOR,PTEN,AKT1
GO:1902532	Negative regulation of intracellular signal transduction	8	508	0.9	0.00067	9606.ENSP00000219476,9606.ENSP00000226004,9606.ENSP00000265960,9606.ENSP00000354558,9606.ENSP00000357804,9606.ENSP00000361021,9606.ENSP00000375711,9606.ENSP00000451828	TSC2,DUSP3,MAPKAP1,MTOR,THEM4,PTEN,AKT1S1,AKT1
GO:0031325	Positive regulation of cellular metabolic process	19	3413	0.45	0.00076	9606.ENSP00000215832,9606.ENSP00000219476,9606.ENSP00000262741,9606.ENSP00000263238,9606.ENSP00000265960,9606.ENSP00000286827,9606.ENSP00000304169,9606.ENSP00000307272,9606.ENSP00000316176,9606.ENSP00000329967,9606.ENSP00000338185,9606.ENSP00000348461,9606.ENSP00000354558,9606.ENSP00000359073,9606.ENSP00000361021,9606.ENSP00000362588,9606.ENSP00000374455,9606.ENSP00000435412,9606.ENSP00000451828	MAPK1,TSC2,PIK3R3,ACTR3,MAPKAP1,TIAM1,PITX2,RPTOR,UBE2N,TBK1,PLCB1,RAC1,MTOR,VAV3,PTEN,PBX3,SQSTM1,RPS6KA1,AKT1
GO:0071900	Regulation of protein serine/threonine kinase activity	8	521	0.89	0.00079	9606.ENSP00000215832,9606.ENSP00000226004,9606.ENSP00000286827,9606.ENSP00000307272,9606.ENSP00000316176,9606.ENSP00000340989,9606.ENSP00000361021,9606.ENSP00000451828	MAPK1,DUSP3,TIAM1,RPTOR,UBE2N,SFN,PTEN,AKT1
GO:0051347	Positive regulation of transferase activity	9	705	0.81	0.00084	9606.ENSP00000215832,9606.ENSP00000265960,9606.ENSP00000286827,9606.ENSP00000307272,9606.ENSP00000316176,9606.ENSP00000354558,9606.ENSP00000359073,9606.ENSP00000361021,9606.ENSP00000451828	MAPK1,MAPKAP1,TIAM1,RPTOR,UBE2N,MTOR,VAV3,PTEN,AKT1
GO:0071901	Negative regulation of protein serine/threonine kinase activity	5	136	1.27	0.00084	9606.ENSP00000226004,9606.ENSP00000307272,9606.ENSP00000340989,9606.ENSP00000361021,9606.ENSP00000451828	DUSP3,RPTOR,SFN,PTEN,AKT1
GO:0009892	Negative regulation of metabolic process	18	3124	0.46	0.00093	9606.ENSP00000219476,9606.ENSP00000226004,9606.ENSP00000304169,9606.ENSP00000307272,9606.ENSP00000328059,9606.ENSP00000329967,9606.ENSP00000338185,9606.ENSP00000340989,9606.ENSP00000348461,9606.ENSP00000354558,9606.ENSP00000361021,9606.ENSP00000361930,9606.ENSP00000374455,9606.ENSP00000375711,9606.ENSP00000376352,9606.ENSP00000425561,9606.ENSP00000435412,9606.ENSP00000451828	TSC2,DUSP3,PITX2,RPTOR,RLIM,TBK1,PLCB1,SFN,RAC1,MTOR,PTEN,YWHAB,SQSTM1,AKT1S1,PDK1,EIF4E,RPS6KA1,AKT1
GO:0010942	Positive regulation of cell death	9	719	0.8	0.00096	9606.ENSP00000286827,9606.ENSP00000326031,9606.ENSP00000340989,9606.ENSP00000354558,9606.ENSP00000359073,9606.ENSP00000361021,9606.ENSP00000361930,9606.ENSP00000374455,9606.ENSP00000451828	TIAM1,PPP1CA,SFN,MTOR,VAV3,PTEN,YWHAB,SQSTM1,AKT1
GO:0006950	Response to stress	19	3485	0.44	0.00098	9606.ENSP00000215832,9606.ENSP00000263238,9606.ENSP00000307272,9606.ENSP00000316176,9606.ENSP00000326031,9606.ENSP00000329967,9606.ENSP00000340989,9606.ENSP00000348461,9606.ENSP00000354558,9606.ENSP00000359073,9606.ENSP00000361021,9606.ENSP00000365807,9606.ENSP00000370744,9606.ENSP00000374455,9606.ENSP00000376352,9606.ENSP00000425561,9606.ENSP00000428209,9606.ENSP00000435412,9606.ENSP00000451828	MAPK1,ACTR3,RPTOR,UBE2N,PPP1CA,TBK1,SFN,RAC1,MTOR,VAV3,PTEN,GNA14,ITPR2,SQSTM1,PDK1,EIF4E,UBE2V2,RPS6KA1,AKT1
GO:0007015	Actin filament organization	6	254	1.07	0.0011	9606.ENSP00000228825,9606.ENSP00000263238,9606.ENSP00000295685,9606.ENSP00000348461,9606.ENSP00000388169,9606.ENSP00000389631	ARPC3,ACTR3,ARPC2,RAC1,ARPC4,ARPC1B
GO:0033135	Regulation of peptidyl-serine phosphorylation	5	146	1.24	0.0011	9606.ENSP00000265960,9606.ENSP00000307272,9606.ENSP00000329967,9606.ENSP00000361021,9606.ENSP00000451828	MAPKAP1,RPTOR,TBK1,PTEN,AKT1
GO:0044092	Negative regulation of molecular function	11	1163	0.68	0.0011	9606.ENSP00000219476,9606.ENSP00000226004,9606.ENSP00000307272,9606.ENSP00000326031,9606.ENSP00000328059,9606.ENSP00000340989,9606.ENSP00000361021,9606.ENSP00000375711,9606.ENSP00000376352,9606.ENSP00000435412,9606.ENSP00000451828	TSC2,DUSP3,RPTOR,PPP1CA,RLIM,SFN,PTEN,AKT1S1,PDK1,RPS6KA1,AKT1
GO:0006468	Protein phosphorylation	10	952	0.72	0.0012	9606.ENSP00000215530,9606.ENSP00000215832,9606.ENSP00000316176,9606.ENSP00000329967,9606.ENSP00000354558,9606.ENSP00000361930,9606.ENSP00000374455,9606.ENSP00000376352,9606.ENSP00000435412,9606.ENSP00000451828	FGF22,MAPK1,UBE2N,TBK1,MTOR,YWHAB,SQSTM1,PDK1,RPS6KA1,AKT1
GO:0010605	Negative regulation of macromolecule metabolic process	17	2875	0.47	0.0013	9606.ENSP00000219476,9606.ENSP00000226004,9606.ENSP00000304169,9606.ENSP00000307272,9606.ENSP00000328059,9606.ENSP00000329967,9606.ENSP00000338185,9606.ENSP00000340989,9606.ENSP00000348461,9606.ENSP00000354558,9606.ENSP00000361021,9606.ENSP00000361930,9606.ENSP00000374455,9606.ENSP00000375711,9606.ENSP00000425561,9606.ENSP00000435412,9606.ENSP00000451828	TSC2,DUSP3,PITX2,RPTOR,RLIM,TBK1,PLCB1,SFN,RAC1,MTOR,PTEN,YWHAB,SQSTM1,AKT1S1,EIF4E,RPS6KA1,AKT1
GO:0002252	Immune effector process	10	969	0.71	0.0014	9606.ENSP00000215832,9606.ENSP00000228825,9606.ENSP00000263238,9606.ENSP00000295685,9606.ENSP00000329967,9606.ENSP00000348461,9606.ENSP00000354558,9606.ENSP00000359073,9606.ENSP00000388169,9606.ENSP00000389631	MAPK1,ARPC3,ACTR3,ARPC2,TBK1,RAC1,MTOR,VAV3,ARPC4,ARPC1B
GO:0010941	Regulation of cell death	13	1696	0.58	0.0014	9606.ENSP00000269321,9606.ENSP00000286827,9606.ENSP00000326031,9606.ENSP00000329967,9606.ENSP00000340989,9606.ENSP00000354558,9606.ENSP00000359073,9606.ENSP00000361021,9606.ENSP00000361930,9606.ENSP00000374455,9606.ENSP00000375711,9606.ENSP00000435412,9606.ENSP00000451828	ARHGDIA,TIAM1,PPP1CA,TBK1,SFN,MTOR,VAV3,PTEN,YWHAB,SQSTM1,AKT1S1,RPS6KA1,AKT1
GO:0018107	Peptidyl-threonine phosphorylation	4	72	1.45	0.0014	9606.ENSP00000215832,9606.ENSP00000329967,9606.ENSP00000354558,9606.ENSP00000451828	MAPK1,TBK1,MTOR,AKT1
GO:0045931	Positive regulation of mitotic cell cycle	5	156	1.21	0.0014	9606.ENSP00000226004,9606.ENSP00000307272,9606.ENSP00000338185,9606.ENSP00000425561,9606.ENSP00000451828	DUSP3,RPTOR,PLCB1,EIF4E,AKT1
GO:0060255	Regulation of macromolecule metabolic process	26	6407	0.31	0.0014	9606.ENSP00000215832,9606.ENSP00000219476,9606.ENSP00000226004,9606.ENSP00000262741,9606.ENSP00000263238,9606.ENSP00000265960,9606.ENSP00000286827,9606.ENSP00000304169,9606.ENSP00000307272,9606.ENSP00000316176,9606.ENSP00000326031,9606.ENSP00000328059,9606.ENSP00000329967,9606.ENSP00000338185,9606.ENSP00000340989,9606.ENSP00000348461,9606.ENSP00000354558,9606.ENSP00000361021,9606.ENSP00000361930,9606.ENSP00000362588,9606.ENSP00000374455,9606.ENSP00000375711,9606.ENSP00000425561,9606.ENSP00000428209,9606.ENSP00000435412,9606.ENSP00000451828	MAPK1,TSC2,DUSP3,PIK3R3,ACTR3,MAPKAP1,TIAM1,PITX2,RPTOR,UBE2N,PPP1CA,RLIM,TBK1,PLCB1,SFN,RAC1,MTOR,PTEN,YWHAB,PBX3,SQSTM1,AKT1S1,EIF4E,UBE2V2,RPS6KA1,AKT1
GO:2000045	Regulation of g1/s transition of mitotic cell cycle	5	156	1.21	0.0014	9606.ENSP00000307272,9606.ENSP00000338185,9606.ENSP00000340989,9606.ENSP00000361021,9606.ENSP00000451828	RPTOR,PLCB1,SFN,PTEN,AKT1
GO:0033554	Cellular response to stress	13	1725	0.58	0.0016	9606.ENSP00000215832,9606.ENSP00000307272,9606.ENSP00000316176,9606.ENSP00000326031,9606.ENSP00000340989,9606.ENSP00000354558,9606.ENSP00000359073,9606.ENSP00000361021,9606.ENSP00000374455,9606.ENSP00000376352,9606.ENSP00000428209,9606.ENSP00000435412,9606.ENSP00000451828	MAPK1,RPTOR,UBE2N,PPP1CA,SFN,MTOR,VAV3,PTEN,SQSTM1,PDK1,UBE2V2,RPS6KA1,AKT1
GO:0045597	Positive regulation of cell differentiation	10	993	0.7	0.0016	9606.ENSP00000269321,9606.ENSP00000286827,9606.ENSP00000295685,9606.ENSP00000338185,9606.ENSP00000340989,9606.ENSP00000348461,9606.ENSP00000354558,9606.ENSP00000361021,9606.ENSP00000435412,9606.ENSP00000451828	ARHGDIA,TIAM1,ARPC2,PLCB1,SFN,RAC1,MTOR,PTEN,RPS6KA1,AKT1
GO:0071417	Cellular response to organonitrogen compound	8	590	0.83	0.0016	9606.ENSP00000215832,9606.ENSP00000262741,9606.ENSP00000307272,9606.ENSP00000354558,9606.ENSP00000361021,9606.ENSP00000365807,9606.ENSP00000370744,9606.ENSP00000451828	MAPK1,PIK3R3,RPTOR,MTOR,PTEN,GNA14,ITPR2,AKT1
GO:1900034	Regulation of cellular response to heat	4	79	1.4	0.0019	9606.ENSP00000215832,9606.ENSP00000307272,9606.ENSP00000354558,9606.ENSP00000375711	MAPK1,RPTOR,MTOR,AKT1S1
GO:0030307	Positive regulation of cell growth	5	171	1.17	0.0020	9606.ENSP00000307272,9606.ENSP00000340989,9606.ENSP00000354558,9606.ENSP00000435412,9606.ENSP00000451828	RPTOR,SFN,MTOR,RPS6KA1,AKT1
GO:0043086	Negative regulation of catalytic activity	9	807	0.75	0.0020	9606.ENSP00000219476,9606.ENSP00000226004,9606.ENSP00000307272,9606.ENSP00000340989,9606.ENSP00000361021,9606.ENSP00000375711,9606.ENSP00000376352,9606.ENSP00000435412,9606.ENSP00000451828	TSC2,DUSP3,RPTOR,SFN,PTEN,AKT1S1,PDK1,RPS6KA1,AKT1
GO:0048870	Cell motility	10	1018	0.69	0.0020	9606.ENSP00000228825,9606.ENSP00000262741,9606.ENSP00000263238,9606.ENSP00000286827,9606.ENSP00000295685,9606.ENSP00000304169,9606.ENSP00000348461,9606.ENSP00000359073,9606.ENSP00000361021,9606.ENSP00000451828	ARPC3,PIK3R3,ACTR3,TIAM1,ARPC2,PITX2,RAC1,VAV3,PTEN,AKT1
GO:0060341	Regulation of cellular localization	10	1027	0.69	0.0021	9606.ENSP00000215832,9606.ENSP00000286827,9606.ENSP00000338185,9606.ENSP00000340989,9606.ENSP00000348461,9606.ENSP00000361021,9606.ENSP00000361930,9606.ENSP00000370744,9606.ENSP00000374455,9606.ENSP00000451828	MAPK1,TIAM1,PLCB1,SFN,RAC1,PTEN,YWHAB,ITPR2,SQSTM1,AKT1
GO:0016241	Regulation of macroautophagy	5	174	1.16	0.0022	9606.ENSP00000219476,9606.ENSP00000307272,9606.ENSP00000329967,9606.ENSP00000354558,9606.ENSP00000451828	TSC2,RPTOR,TBK1,MTOR,AKT1
GO:0016310	Phosphorylation	11	1275	0.64	0.0023	9606.ENSP00000215530,9606.ENSP00000215832,9606.ENSP00000262741,9606.ENSP00000316176,9606.ENSP00000329967,9606.ENSP00000354558,9606.ENSP00000361930,9606.ENSP00000374455,9606.ENSP00000376352,9606.ENSP00000435412,9606.ENSP00000451828	FGF22,MAPK1,PIK3R3,UBE2N,TBK1,MTOR,YWHAB,SQSTM1,PDK1,RPS6KA1,AKT1
GO:0033674	Positive regulation of kinase activity	8	624	0.81	0.0023	9606.ENSP00000215832,9606.ENSP00000265960,9606.ENSP00000286827,9606.ENSP00000307272,9606.ENSP00000316176,9606.ENSP00000354558,9606.ENSP00000359073,9606.ENSP00000451828	MAPK1,MAPKAP1,TIAM1,RPTOR,UBE2N,MTOR,VAV3,AKT1
GO:0090559	Regulation of membrane permeability	4	86	1.37	0.0024	9606.ENSP00000340989,9606.ENSP00000354558,9606.ENSP00000357804,9606.ENSP00000361930	SFN,MTOR,THEM4,YWHAB
GO:0034248	Regulation of cellular amide metabolic process	7	456	0.89	0.0025	9606.ENSP00000215832,9606.ENSP00000326031,9606.ENSP00000354558,9606.ENSP00000376352,9606.ENSP00000425561,9606.ENSP00000435412,9606.ENSP00000451828	MAPK1,PPP1CA,MTOR,PDK1,EIF4E,RPS6KA1,AKT1
GO:0042981	Regulation of apoptotic process	12	1550	0.59	0.0025	9606.ENSP00000269321,9606.ENSP00000286827,9606.ENSP00000326031,9606.ENSP00000340989,9606.ENSP00000354558,9606.ENSP00000359073,9606.ENSP00000361021,9606.ENSP00000361930,9606.ENSP00000374455,9606.ENSP00000375711,9606.ENSP00000435412,9606.ENSP00000451828	ARHGDIA,TIAM1,PPP1CA,SFN,MTOR,VAV3,PTEN,YWHAB,SQSTM1,AKT1S1,RPS6KA1,AKT1
GO:1901701	Cellular response to oxygen-containing compound	10	1055	0.68	0.0025	9606.ENSP00000215832,9606.ENSP00000262741,9606.ENSP00000307272,9606.ENSP00000338185,9606.ENSP00000354558,9606.ENSP00000361021,9606.ENSP00000365807,9606.ENSP00000370744,9606.ENSP00000425561,9606.ENSP00000451828	MAPK1,PIK3R3,RPTOR,PLCB1,MTOR,PTEN,GNA14,ITPR2,EIF4E,AKT1
GO:0009987	Cellular process	39	15024	0.11	0.0026	9606.ENSP00000215530,9606.ENSP00000215832,9606.ENSP00000219476,9606.ENSP00000226004,9606.ENSP00000228825,9606.ENSP00000243501,9606.ENSP00000262741,9606.ENSP00000263238,9606.ENSP00000265960,9606.ENSP00000269321,9606.ENSP00000286827,9606.ENSP00000295685,9606.ENSP00000304169,9606.ENSP00000307272,9606.ENSP00000316176,9606.ENSP00000326031,9606.ENSP00000328059,9606.ENSP00000329967,9606.ENSP00000338185,9606.ENSP00000340523,9606.ENSP00000340989,9606.ENSP00000348461,9606.ENSP00000354558,9606.ENSP00000357804,9606.ENSP00000359073,9606.ENSP00000361021,9606.ENSP00000361930,9606.ENSP00000362588,9606.ENSP00000365807,9606.ENSP00000370744,9606.ENSP00000374455,9606.ENSP00000375711,9606.ENSP00000376352,9606.ENSP00000388169,9606.ENSP00000389631,9606.ENSP00000425561,9606.ENSP00000428209,9606.ENSP00000435412,9606.ENSP00000451828	FGF22,MAPK1,TSC2,DUSP3,ARPC3,PLA2G12A,PIK3R3,ACTR3,MAPKAP1,ARHGDIA,TIAM1,ARPC2,PITX2,RPTOR,UBE2N,PPP1CA,RLIM,TBK1,PLCB1,NMNAT3,SFN,RAC1,MTOR,THEM4,VAV3,PTEN,YWHAB,PBX3,GNA14,ITPR2,SQSTM1,AKT1S1,PDK1,ARPC4,ARPC1B,EIF4E,UBE2V2,RPS6KA1,AKT1
GO:0051172	Negative regulation of nitrogen compound metabolic process	15	2429	0.49	0.0027	9606.ENSP00000219476,9606.ENSP00000226004,9606.ENSP00000304169,9606.ENSP00000307272,9606.ENSP00000328059,9606.ENSP00000338185,9606.ENSP00000340989,9606.ENSP00000354558,9606.ENSP00000361021,9606.ENSP00000361930,9606.ENSP00000374455,9606.ENSP00000375711,9606.ENSP00000425561,9606.ENSP00000435412,9606.ENSP00000451828	TSC2,DUSP3,PITX2,RPTOR,RLIM,PLCB1,SFN,MTOR,PTEN,YWHAB,SQSTM1,AKT1S1,EIF4E,RPS6KA1,AKT1
GO:1901698	Response to nitrogen compound	10	1070	0.67	0.0027	9606.ENSP00000215832,9606.ENSP00000262741,9606.ENSP00000286827,9606.ENSP00000307272,9606.ENSP00000338185,9606.ENSP00000354558,9606.ENSP00000361021,9606.ENSP00000365807,9606.ENSP00000370744,9606.ENSP00000451828	MAPK1,PIK3R3,TIAM1,RPTOR,PLCB1,MTOR,PTEN,GNA14,ITPR2,AKT1
GO:1901700	Response to oxygen-containing compound	12	1567	0.58	0.0027	9606.ENSP00000215832,9606.ENSP00000262741,9606.ENSP00000286827,9606.ENSP00000307272,9606.ENSP00000338185,9606.ENSP00000354558,9606.ENSP00000361021,9606.ENSP00000365807,9606.ENSP00000370744,9606.ENSP00000389631,9606.ENSP00000425561,9606.ENSP00000451828	MAPK1,PIK3R3,TIAM1,RPTOR,PLCB1,MTOR,PTEN,GNA14,ITPR2,ARPC1B,EIF4E,AKT1
GO:0030041	Actin filament polymerization	3	30	1.7	0.0028	9606.ENSP00000295685,9606.ENSP00000348461,9606.ENSP00000388169	ARPC2,RAC1,ARPC4
GO:0048519	Negative regulation of biological process	23	5389	0.33	0.0029	9606.ENSP00000215832,9606.ENSP00000219476,9606.ENSP00000226004,9606.ENSP00000265960,9606.ENSP00000269321,9606.ENSP00000304169,9606.ENSP00000307272,9606.ENSP00000328059,9606.ENSP00000329967,9606.ENSP00000338185,9606.ENSP00000340989,9606.ENSP00000348461,9606.ENSP00000354558,9606.ENSP00000357804,9606.ENSP00000361021,9606.ENSP00000361930,9606.ENSP00000370744,9606.ENSP00000374455,9606.ENSP00000375711,9606.ENSP00000376352,9606.ENSP00000425561,9606.ENSP00000435412,9606.ENSP00000451828	MAPK1,TSC2,DUSP3,MAPKAP1,ARHGDIA,PITX2,RPTOR,RLIM,TBK1,PLCB1,SFN,RAC1,MTOR,THEM4,PTEN,YWHAB,ITPR2,SQSTM1,AKT1S1,PDK1,EIF4E,RPS6KA1,AKT1
GO:0005979	Regulation of glycogen biosynthetic process	3	31	1.69	0.0031	9606.ENSP00000326031,9606.ENSP00000354558,9606.ENSP00000451828	PPP1CA,MTOR,AKT1
GO:0030334	Regulation of cell migration	9	865	0.72	0.0031	9606.ENSP00000215832,9606.ENSP00000226004,9606.ENSP00000262741,9606.ENSP00000286827,9606.ENSP00000338185,9606.ENSP00000348461,9606.ENSP00000354558,9606.ENSP00000361021,9606.ENSP00000451828	MAPK1,DUSP3,PIK3R3,TIAM1,PLCB1,RAC1,MTOR,PTEN,AKT1
GO:0043065	Positive regulation of apoptotic process	8	660	0.78	0.0031	9606.ENSP00000286827,9606.ENSP00000326031,9606.ENSP00000340989,9606.ENSP00000359073,9606.ENSP00000361021,9606.ENSP00000361930,9606.ENSP00000374455,9606.ENSP00000451828	TIAM1,PPP1CA,SFN,VAV3,PTEN,YWHAB,SQSTM1,AKT1
GO:0010821	Regulation of mitochondrion organization	5	196	1.11	0.0033	9606.ENSP00000219476,9606.ENSP00000340989,9606.ENSP00000361930,9606.ENSP00000374455,9606.ENSP00000451828	TSC2,SFN,YWHAB,SQSTM1,AKT1
GO:0032148	Activation of protein kinase b activity	3	32	1.67	0.0033	9606.ENSP00000265960,9606.ENSP00000354558,9606.ENSP00000451828	MAPKAP1,MTOR,AKT1
GO:0046620	Regulation of organ growth	4	96	1.32	0.0033	9606.ENSP00000215832,9606.ENSP00000354558,9606.ENSP00000361021,9606.ENSP00000451828	MAPK1,MTOR,PTEN,AKT1
GO:0008283	Cell population proliferation	7	493	0.85	0.0035	9606.ENSP00000215832,9606.ENSP00000304169,9606.ENSP00000329967,9606.ENSP00000348461,9606.ENSP00000376352,9606.ENSP00000435412,9606.ENSP00000451828	MAPK1,PITX2,TBK1,RAC1,PDK1,RPS6KA1,AKT1
GO:0016242	Negative regulation of macroautophagy	3	33	1.66	0.0035	9606.ENSP00000219476,9606.ENSP00000354558,9606.ENSP00000451828	TSC2,MTOR,AKT1
GO:0040008	Regulation of growth	8	676	0.77	0.0035	9606.ENSP00000215832,9606.ENSP00000307272,9606.ENSP00000338185,9606.ENSP00000340989,9606.ENSP00000354558,9606.ENSP00000361021,9606.ENSP00000435412,9606.ENSP00000451828	MAPK1,RPTOR,PLCB1,SFN,MTOR,PTEN,RPS6KA1,AKT1
GO:0071363	Cellular response to growth factor stimulus	7	494	0.85	0.0036	9606.ENSP00000215530,9606.ENSP00000215832,9606.ENSP00000226004,9606.ENSP00000228825,9606.ENSP00000361021,9606.ENSP00000375711,9606.ENSP00000451828	FGF22,MAPK1,DUSP3,ARPC3,PTEN,AKT1S1,AKT1
GO:0120035	Regulation of plasma membrane bounded cell projection organization	8	687	0.77	0.0038	9606.ENSP00000263238,9606.ENSP00000269321,9606.ENSP00000286827,9606.ENSP00000295685,9606.ENSP00000348461,9606.ENSP00000354558,9606.ENSP00000361021,9606.ENSP00000451828	ACTR3,ARHGDIA,TIAM1,ARPC2,RAC1,MTOR,PTEN,AKT1
GO:0099547	Regulation of translation at synapse, modulating synaptic transmission	2	4	2.4	0.0039	9606.ENSP00000354558,9606.ENSP00000425561	MTOR,EIF4E
GO:0051094	Positive regulation of developmental process	11	1389	0.6	0.0041	9606.ENSP00000215832,9606.ENSP00000269321,9606.ENSP00000286827,9606.ENSP00000295685,9606.ENSP00000338185,9606.ENSP00000340989,9606.ENSP00000348461,9606.ENSP00000354558,9606.ENSP00000361021,9606.ENSP00000435412,9606.ENSP00000451828	MAPK1,ARHGDIA,TIAM1,ARPC2,PLCB1,SFN,RAC1,MTOR,PTEN,RPS6KA1,AKT1
GO:0014070	Response to organic cyclic compound	9	911	0.7	0.0042	9606.ENSP00000215832,9606.ENSP00000286827,9606.ENSP00000354558,9606.ENSP00000361021,9606.ENSP00000365807,9606.ENSP00000370744,9606.ENSP00000389631,9606.ENSP00000425561,9606.ENSP00000451828	MAPK1,TIAM1,MTOR,PTEN,GNA14,ITPR2,ARPC1B,EIF4E,AKT1
GO:1900087	Positive regulation of g1/s transition of mitotic cell cycle	3	36	1.62	0.0042	9606.ENSP00000307272,9606.ENSP00000338185,9606.ENSP00000451828	RPTOR,PLCB1,AKT1
GO:0030036	Actin cytoskeleton organization	7	516	0.83	0.0044	9606.ENSP00000228825,9606.ENSP00000263238,9606.ENSP00000265960,9606.ENSP00000295685,9606.ENSP00000348461,9606.ENSP00000388169,9606.ENSP00000389631	ARPC3,ACTR3,MAPKAP1,ARPC2,RAC1,ARPC4,ARPC1B
GO:0031396	Regulation of protein ubiquitination	5	212	1.07	0.0044	9606.ENSP00000316176,9606.ENSP00000354558,9606.ENSP00000361021,9606.ENSP00000374455,9606.ENSP00000451828	UBE2N,MTOR,PTEN,SQSTM1,AKT1
GO:0051173	Positive regulation of nitrogen compound metabolic process	17	3239	0.42	0.0044	9606.ENSP00000215832,9606.ENSP00000262741,9606.ENSP00000263238,9606.ENSP00000265960,9606.ENSP00000286827,9606.ENSP00000304169,9606.ENSP00000307272,9606.ENSP00000316176,9606.ENSP00000329967,9606.ENSP00000338185,9606.ENSP00000348461,9606.ENSP00000354558,9606.ENSP00000361021,9606.ENSP00000362588,9606.ENSP00000374455,9606.ENSP00000435412,9606.ENSP00000451828	MAPK1,PIK3R3,ACTR3,MAPKAP1,TIAM1,PITX2,RPTOR,UBE2N,TBK1,PLCB1,RAC1,MTOR,PTEN,PBX3,SQSTM1,RPS6KA1,AKT1
GO:0051179	Localization	23	5591	0.31	0.0047	9606.ENSP00000215832,9606.ENSP00000219476,9606.ENSP00000228825,9606.ENSP00000243501,9606.ENSP00000262741,9606.ENSP00000263238,9606.ENSP00000286827,9606.ENSP00000295685,9606.ENSP00000304169,9606.ENSP00000338185,9606.ENSP00000340989,9606.ENSP00000348461,9606.ENSP00000354558,9606.ENSP00000357804,9606.ENSP00000359073,9606.ENSP00000361021,9606.ENSP00000361930,9606.ENSP00000370744,9606.ENSP00000374455,9606.ENSP00000388169,9606.ENSP00000389631,9606.ENSP00000425561,9606.ENSP00000451828	MAPK1,TSC2,ARPC3,PLA2G12A,PIK3R3,ACTR3,TIAM1,ARPC2,PITX2,PLCB1,SFN,RAC1,MTOR,THEM4,VAV3,PTEN,YWHAB,ITPR2,SQSTM1,ARPC4,ARPC1B,EIF4E,AKT1
GO:0033138	Positive regulation of peptidyl-serine phosphorylation	4	112	1.25	0.0051	9606.ENSP00000265960,9606.ENSP00000307272,9606.ENSP00000329967,9606.ENSP00000451828	MAPKAP1,RPTOR,TBK1,AKT1
GO:0031324	Negative regulation of cellular metabolic process	15	2630	0.46	0.0055	9606.ENSP00000219476,9606.ENSP00000226004,9606.ENSP00000304169,9606.ENSP00000307272,9606.ENSP00000328059,9606.ENSP00000338185,9606.ENSP00000340989,9606.ENSP00000354558,9606.ENSP00000361021,9606.ENSP00000361930,9606.ENSP00000374455,9606.ENSP00000375711,9606.ENSP00000425561,9606.ENSP00000435412,9606.ENSP00000451828	TSC2,DUSP3,PITX2,RPTOR,RLIM,PLCB1,SFN,MTOR,PTEN,YWHAB,SQSTM1,AKT1S1,EIF4E,RPS6KA1,AKT1
GO:0032872	Regulation of stress-activated mapk cascade	5	228	1.04	0.0058	9606.ENSP00000215832,9606.ENSP00000226004,9606.ENSP00000286827,9606.ENSP00000338185,9606.ENSP00000451828	MAPK1,DUSP3,TIAM1,PLCB1,AKT1
GO:0010906	Regulation of glucose metabolic process	4	118	1.23	0.0061	9606.ENSP00000326031,9606.ENSP00000354558,9606.ENSP00000376352,9606.ENSP00000451828	PPP1CA,MTOR,PDK1,AKT1
GO:0032147	Activation of protein kinase activity	6	376	0.9	0.0061	9606.ENSP00000215832,9606.ENSP00000265960,9606.ENSP00000307272,9606.ENSP00000316176,9606.ENSP00000354558,9606.ENSP00000451828	MAPK1,MAPKAP1,RPTOR,UBE2N,MTOR,AKT1
GO:0045860	Positive regulation of protein kinase activity	7	550	0.81	0.0061	9606.ENSP00000215832,9606.ENSP00000265960,9606.ENSP00000286827,9606.ENSP00000307272,9606.ENSP00000316176,9606.ENSP00000354558,9606.ENSP00000451828	MAPK1,MAPKAP1,TIAM1,RPTOR,UBE2N,MTOR,AKT1
GO:0044087	Regulation of cellular component biogenesis	9	971	0.67	0.0062	9606.ENSP00000226004,9606.ENSP00000228825,9606.ENSP00000263238,9606.ENSP00000295685,9606.ENSP00000348461,9606.ENSP00000354558,9606.ENSP00000361021,9606.ENSP00000388169,9606.ENSP00000389631	DUSP3,ARPC3,ACTR3,ARPC2,RAC1,MTOR,PTEN,ARPC4,ARPC1B
GO:0048523	Negative regulation of cellular process	21	4874	0.33	0.0063	9606.ENSP00000215832,9606.ENSP00000219476,9606.ENSP00000226004,9606.ENSP00000265960,9606.ENSP00000269321,9606.ENSP00000304169,9606.ENSP00000307272,9606.ENSP00000328059,9606.ENSP00000338185,9606.ENSP00000340989,9606.ENSP00000348461,9606.ENSP00000354558,9606.ENSP00000357804,9606.ENSP00000361021,9606.ENSP00000361930,9606.ENSP00000370744,9606.ENSP00000374455,9606.ENSP00000375711,9606.ENSP00000425561,9606.ENSP00000435412,9606.ENSP00000451828	MAPK1,TSC2,DUSP3,MAPKAP1,ARHGDIA,PITX2,RPTOR,RLIM,PLCB1,SFN,RAC1,MTOR,THEM4,PTEN,YWHAB,ITPR2,SQSTM1,AKT1S1,EIF4E,RPS6KA1,AKT1
GO:1903689	Regulation of wound healing, spreading of epidermal cells	2	6	2.22	0.0064	9606.ENSP00000354558,9606.ENSP00000361021	MTOR,PTEN
GO:0010243	Response to organonitrogen compound	9	987	0.66	0.0069	9606.ENSP00000215832,9606.ENSP00000262741,9606.ENSP00000286827,9606.ENSP00000307272,9606.ENSP00000354558,9606.ENSP00000361021,9606.ENSP00000365807,9606.ENSP00000370744,9606.ENSP00000451828	MAPK1,PIK3R3,TIAM1,RPTOR,MTOR,PTEN,GNA14,ITPR2,AKT1
GO:0031326	Regulation of cellular biosynthetic process	19	4125	0.36	0.0070	9606.ENSP00000215832,9606.ENSP00000263238,9606.ENSP00000304169,9606.ENSP00000307272,9606.ENSP00000316176,9606.ENSP00000326031,9606.ENSP00000328059,9606.ENSP00000329967,9606.ENSP00000338185,9606.ENSP00000348461,9606.ENSP00000354558,9606.ENSP00000361021,9606.ENSP00000361930,9606.ENSP00000362588,9606.ENSP00000374455,9606.ENSP00000376352,9606.ENSP00000425561,9606.ENSP00000435412,9606.ENSP00000451828	MAPK1,ACTR3,PITX2,RPTOR,UBE2N,PPP1CA,RLIM,TBK1,PLCB1,RAC1,MTOR,PTEN,YWHAB,PBX3,SQSTM1,PDK1,EIF4E,RPS6KA1,AKT1
GO:0045787	Positive regulation of cell cycle	6	388	0.89	0.0070	9606.ENSP00000226004,9606.ENSP00000307272,9606.ENSP00000338185,9606.ENSP00000340989,9606.ENSP00000425561,9606.ENSP00000451828	DUSP3,RPTOR,PLCB1,SFN,EIF4E,AKT1
GO:0006928	Movement of cell or subcellular component	11	1501	0.57	0.0072	9606.ENSP00000215832,9606.ENSP00000228825,9606.ENSP00000262741,9606.ENSP00000263238,9606.ENSP00000286827,9606.ENSP00000295685,9606.ENSP00000304169,9606.ENSP00000348461,9606.ENSP00000359073,9606.ENSP00000361021,9606.ENSP00000451828	MAPK1,ARPC3,PIK3R3,ACTR3,TIAM1,ARPC2,PITX2,RAC1,VAV3,PTEN,AKT1
GO:0031346	Positive regulation of cell projection organization	6	391	0.89	0.0072	9606.ENSP00000263238,9606.ENSP00000269321,9606.ENSP00000286827,9606.ENSP00000295685,9606.ENSP00000348461,9606.ENSP00000354558	ACTR3,ARHGDIA,TIAM1,ARPC2,RAC1,MTOR
GO:0031641	Regulation of myelination	3	46	1.51	0.0073	9606.ENSP00000354558,9606.ENSP00000361021,9606.ENSP00000451828	MTOR,PTEN,AKT1
GO:0016032	Viral process	8	776	0.71	0.0074	9606.ENSP00000215832,9606.ENSP00000219476,9606.ENSP00000307272,9606.ENSP00000326031,9606.ENSP00000329967,9606.ENSP00000348461,9606.ENSP00000361930,9606.ENSP00000425561	MAPK1,TSC2,RPTOR,PPP1CA,TBK1,RAC1,YWHAB,EIF4E
GO:0010608	Posttranscriptional regulation of gene expression	7	574	0.79	0.0075	9606.ENSP00000215832,9606.ENSP00000326031,9606.ENSP00000354558,9606.ENSP00000361930,9606.ENSP00000425561,9606.ENSP00000435412,9606.ENSP00000451828	MAPK1,PPP1CA,MTOR,YWHAB,EIF4E,RPS6KA1,AKT1
GO:0070849	Response to epidermal growth factor	3	47	1.51	0.0076	9606.ENSP00000215832,9606.ENSP00000226004,9606.ENSP00000451828	MAPK1,DUSP3,AKT1
GO:0006417	Regulation of translation	6	398	0.88	0.0077	9606.ENSP00000215832,9606.ENSP00000326031,9606.ENSP00000354558,9606.ENSP00000425561,9606.ENSP00000435412,9606.ENSP00000451828	MAPK1,PPP1CA,MTOR,EIF4E,RPS6KA1,AKT1
GO:1905477	Positive regulation of protein localization to membrane	4	129	1.19	0.0078	9606.ENSP00000340989,9606.ENSP00000361930,9606.ENSP00000374455,9606.ENSP00000451828	SFN,YWHAB,SQSTM1,AKT1
GO:0046622	Positive regulation of organ growth	3	49	1.49	0.0084	9606.ENSP00000215832,9606.ENSP00000354558,9606.ENSP00000451828	MAPK1,MTOR,AKT1
GO:1990090	Cellular response to nerve growth factor stimulus	3	50	1.48	0.0087	9606.ENSP00000228825,9606.ENSP00000361021,9606.ENSP00000451828	ARPC3,PTEN,AKT1
GO:0030168	Platelet activation	4	135	1.17	0.0090	9606.ENSP00000215832,9606.ENSP00000359073,9606.ENSP00000365807,9606.ENSP00000370744	MAPK1,VAV3,GNA14,ITPR2
GO:0038202	TORC1 signaling	2	8	2.1	0.0094	9606.ENSP00000307272,9606.ENSP00000354558	RPTOR,MTOR
GO:0061308	Cardiac neural crest cell development involved in heart development	2	8	2.1	0.0094	9606.ENSP00000215832,9606.ENSP00000304169	MAPK1,PITX2
GO:2000112	Regulation of cellular macromolecule biosynthetic process	18	3878	0.37	0.0100	9606.ENSP00000215832,9606.ENSP00000263238,9606.ENSP00000304169,9606.ENSP00000307272,9606.ENSP00000316176,9606.ENSP00000326031,9606.ENSP00000328059,9606.ENSP00000329967,9606.ENSP00000338185,9606.ENSP00000348461,9606.ENSP00000354558,9606.ENSP00000361021,9606.ENSP00000361930,9606.ENSP00000362588,9606.ENSP00000374455,9606.ENSP00000425561,9606.ENSP00000435412,9606.ENSP00000451828	MAPK1,ACTR3,PITX2,RPTOR,UBE2N,PPP1CA,RLIM,TBK1,PLCB1,RAC1,MTOR,PTEN,YWHAB,PBX3,SQSTM1,EIF4E,RPS6KA1,AKT1
GO:0002376	Immune system process	14	2481	0.45	0.0101	9606.ENSP00000215832,9606.ENSP00000228825,9606.ENSP00000263238,9606.ENSP00000295685,9606.ENSP00000304169,9606.ENSP00000316176,9606.ENSP00000329967,9606.ENSP00000348461,9606.ENSP00000354558,9606.ENSP00000359073,9606.ENSP00000374455,9606.ENSP00000388169,9606.ENSP00000389631,9606.ENSP00000451828	MAPK1,ARPC3,ACTR3,ARPC2,PITX2,UBE2N,TBK1,RAC1,MTOR,VAV3,SQSTM1,ARPC4,ARPC1B,AKT1
GO:0009653	Anatomical structure morphogenesis	13	2165	0.48	0.0101	9606.ENSP00000215832,9606.ENSP00000219476,9606.ENSP00000262741,9606.ENSP00000286827,9606.ENSP00000304169,9606.ENSP00000326031,9606.ENSP00000348461,9606.ENSP00000354558,9606.ENSP00000359073,9606.ENSP00000361021,9606.ENSP00000362588,9606.ENSP00000435412,9606.ENSP00000451828	MAPK1,TSC2,PIK3R3,TIAM1,PITX2,PPP1CA,RAC1,MTOR,VAV3,PTEN,PBX3,RPS6KA1,AKT1
GO:0045595	Regulation of cell differentiation	12	1874	0.51	0.0106	9606.ENSP00000215832,9606.ENSP00000269321,9606.ENSP00000286827,9606.ENSP00000295685,9606.ENSP00000338185,9606.ENSP00000340989,9606.ENSP00000348461,9606.ENSP00000354558,9606.ENSP00000361021,9606.ENSP00000425561,9606.ENSP00000435412,9606.ENSP00000451828	MAPK1,ARHGDIA,TIAM1,ARPC2,PLCB1,SFN,RAC1,MTOR,PTEN,EIF4E,RPS6KA1,AKT1
GO:0045893	Positive regulation of transcription, dna-templated	11	1587	0.54	0.0106	9606.ENSP00000215832,9606.ENSP00000263238,9606.ENSP00000304169,9606.ENSP00000307272,9606.ENSP00000329967,9606.ENSP00000338185,9606.ENSP00000354558,9606.ENSP00000362588,9606.ENSP00000374455,9606.ENSP00000435412,9606.ENSP00000451828	MAPK1,ACTR3,PITX2,RPTOR,TBK1,PLCB1,MTOR,PBX3,SQSTM1,RPS6KA1,AKT1
GO:0008637	Apoptotic mitochondrial changes	3	57	1.42	0.0120	9606.ENSP00000340989,9606.ENSP00000357804,9606.ENSP00000451828	SFN,THEM4,AKT1
GO:0042060	Wound healing	6	439	0.84	0.0120	9606.ENSP00000215832,9606.ENSP00000348461,9606.ENSP00000354558,9606.ENSP00000359073,9606.ENSP00000365807,9606.ENSP00000370744	MAPK1,RAC1,MTOR,VAV3,GNA14,ITPR2
GO:0010557	Positive regulation of macromolecule biosynthetic process	12	1906	0.5	0.0122	9606.ENSP00000215832,9606.ENSP00000263238,9606.ENSP00000304169,9606.ENSP00000307272,9606.ENSP00000329967,9606.ENSP00000338185,9606.ENSP00000348461,9606.ENSP00000354558,9606.ENSP00000362588,9606.ENSP00000374455,9606.ENSP00000435412,9606.ENSP00000451828	MAPK1,ACTR3,PITX2,RPTOR,TBK1,PLCB1,RAC1,MTOR,PBX3,SQSTM1,RPS6KA1,AKT1
GO:0035295	Tube development	8	851	0.67	0.0124	9606.ENSP00000215832,9606.ENSP00000219476,9606.ENSP00000262741,9606.ENSP00000326031,9606.ENSP00000359073,9606.ENSP00000361021,9606.ENSP00000425561,9606.ENSP00000451828	MAPK1,TSC2,PIK3R3,PPP1CA,VAV3,PTEN,EIF4E,AKT1
GO:0050804	Modulation of chemical synaptic transmission	6	446	0.83	0.0128	9606.ENSP00000215832,9606.ENSP00000338185,9606.ENSP00000354558,9606.ENSP00000361021,9606.ENSP00000374455,9606.ENSP00000425561	MAPK1,PLCB1,MTOR,PTEN,SQSTM1,EIF4E
GO:0071233	Cellular response to leucine	2	10	2.0	0.0129	9606.ENSP00000307272,9606.ENSP00000354558	RPTOR,MTOR
GO:0010604	Positive regulation of macromolecule metabolic process	17	3600	0.37	0.0130	9606.ENSP00000215832,9606.ENSP00000262741,9606.ENSP00000263238,9606.ENSP00000265960,9606.ENSP00000286827,9606.ENSP00000304169,9606.ENSP00000307272,9606.ENSP00000316176,9606.ENSP00000329967,9606.ENSP00000338185,9606.ENSP00000348461,9606.ENSP00000354558,9606.ENSP00000361021,9606.ENSP00000362588,9606.ENSP00000374455,9606.ENSP00000435412,9606.ENSP00000451828	MAPK1,PIK3R3,ACTR3,MAPKAP1,TIAM1,PITX2,RPTOR,UBE2N,TBK1,PLCB1,RAC1,MTOR,PTEN,PBX3,SQSTM1,RPS6KA1,AKT1
GO:0045935	Positive regulation of nucleobase-containing compound metabolic process	12	1927	0.49	0.0131	9606.ENSP00000215832,9606.ENSP00000263238,9606.ENSP00000304169,9606.ENSP00000307272,9606.ENSP00000316176,9606.ENSP00000329967,9606.ENSP00000338185,9606.ENSP00000354558,9606.ENSP00000362588,9606.ENSP00000374455,9606.ENSP00000435412,9606.ENSP00000451828	MAPK1,ACTR3,PITX2,RPTOR,UBE2N,TBK1,PLCB1,MTOR,PBX3,SQSTM1,RPS6KA1,AKT1
GO:0045428	Regulation of nitric oxide biosynthetic process	3	61	1.39	0.0139	9606.ENSP00000348461,9606.ENSP00000354558,9606.ENSP00000451828	RAC1,MTOR,AKT1
GO:0055021	Regulation of cardiac muscle tissue growth	3	61	1.39	0.0139	9606.ENSP00000215832,9606.ENSP00000354558,9606.ENSP00000361021	MAPK1,MTOR,PTEN
GO:0072359	Circulatory system development	8	872	0.66	0.0140	9606.ENSP00000215832,9606.ENSP00000219476,9606.ENSP00000262741,9606.ENSP00000304169,9606.ENSP00000354558,9606.ENSP00000359073,9606.ENSP00000361021,9606.ENSP00000451828	MAPK1,TSC2,PIK3R3,PITX2,MTOR,VAV3,PTEN,AKT1
GO:0031329	Regulation of cellular catabolic process	8	875	0.66	0.0143	9606.ENSP00000219476,9606.ENSP00000307272,9606.ENSP00000326031,9606.ENSP00000329967,9606.ENSP00000354558,9606.ENSP00000361021,9606.ENSP00000361930,9606.ENSP00000451828	TSC2,RPTOR,PPP1CA,TBK1,MTOR,PTEN,YWHAB,AKT1
GO:0045945	Positive regulation of transcription by rna polymerase iii	2	11	1.96	0.0145	9606.ENSP00000307272,9606.ENSP00000354558	RPTOR,MTOR
GO:0097011	Cellular response to granulocyte macrophage colony-stimulating factor stimulus	2	11	1.96	0.0145	9606.ENSP00000215832,9606.ENSP00000451828	MAPK1,AKT1
GO:1905114	Cell surface receptor signaling pathway involved in cell-cell signaling	6	461	0.81	0.0145	9606.ENSP00000286827,9606.ENSP00000326031,9606.ENSP00000338185,9606.ENSP00000348461,9606.ENSP00000361021,9606.ENSP00000451828	TIAM1,PPP1CA,PLCB1,RAC1,PTEN,AKT1
GO:0010770	Positive regulation of cell morphogenesis involved in differentiation	4	159	1.1	0.0146	9606.ENSP00000269321,9606.ENSP00000286827,9606.ENSP00000295685,9606.ENSP00000348461	ARHGDIA,TIAM1,ARPC2,RAC1
GO:0006112	Energy reserve metabolic process	3	63	1.38	0.0147	9606.ENSP00000326031,9606.ENSP00000354558,9606.ENSP00000451828	PPP1CA,MTOR,AKT1
GO:0051893	Regulation of focal adhesion assembly	3	63	1.38	0.0147	9606.ENSP00000226004,9606.ENSP00000348461,9606.ENSP00000361021	DUSP3,RAC1,PTEN
GO:0060135	Maternal process involved in female pregnancy	3	64	1.37	0.0150	9606.ENSP00000215832,9606.ENSP00000354558,9606.ENSP00000451828	MAPK1,MTOR,AKT1
GO:0007596	Blood coagulation	5	303	0.92	0.0161	9606.ENSP00000215832,9606.ENSP00000348461,9606.ENSP00000359073,9606.ENSP00000365807,9606.ENSP00000370744	MAPK1,RAC1,VAV3,GNA14,ITPR2
GO:0007346	Regulation of mitotic cell cycle	7	676	0.72	0.0164	9606.ENSP00000226004,9606.ENSP00000307272,9606.ENSP00000338185,9606.ENSP00000340989,9606.ENSP00000361021,9606.ENSP00000425561,9606.ENSP00000451828	DUSP3,RPTOR,PLCB1,SFN,PTEN,EIF4E,AKT1
GO:0043087	Regulation of gtpase activity	6	480	0.8	0.0169	9606.ENSP00000219476,9606.ENSP00000269321,9606.ENSP00000286827,9606.ENSP00000338185,9606.ENSP00000354558,9606.ENSP00000359073	TSC2,ARHGDIA,TIAM1,PLCB1,MTOR,VAV3
GO:0043542	Endothelial cell migration	3	67	1.35	0.0169	9606.ENSP00000262741,9606.ENSP00000361021,9606.ENSP00000451828	PIK3R3,PTEN,AKT1
GO:0010769	Regulation of cell morphogenesis involved in differentiation	5	309	0.91	0.0171	9606.ENSP00000269321,9606.ENSP00000286827,9606.ENSP00000295685,9606.ENSP00000348461,9606.ENSP00000361021	ARHGDIA,TIAM1,ARPC2,RAC1,PTEN
GO:0031328	Positive regulation of cellular biosynthetic process	12	2005	0.48	0.0171	9606.ENSP00000215832,9606.ENSP00000263238,9606.ENSP00000304169,9606.ENSP00000307272,9606.ENSP00000329967,9606.ENSP00000338185,9606.ENSP00000348461,9606.ENSP00000354558,9606.ENSP00000362588,9606.ENSP00000374455,9606.ENSP00000435412,9606.ENSP00000451828	MAPK1,ACTR3,PITX2,RPTOR,TBK1,PLCB1,RAC1,MTOR,PBX3,SQSTM1,RPS6KA1,AKT1
GO:0046488	Phosphatidylinositol metabolic process	4	169	1.07	0.0171	9606.ENSP00000243501,9606.ENSP00000262741,9606.ENSP00000338185,9606.ENSP00000361021	PLA2G12A,PIK3R3,PLCB1,PTEN
GO:0071496	Cellular response to external stimulus	5	309	0.91	0.0171	9606.ENSP00000215832,9606.ENSP00000307272,9606.ENSP00000348461,9606.ENSP00000354558,9606.ENSP00000451828	MAPK1,RPTOR,RAC1,MTOR,AKT1
GO:1903960	Negative regulation of anion transmembrane transport	2	13	1.89	0.0179	9606.ENSP00000354558,9606.ENSP00000451828	MTOR,AKT1
GO:0010628	Positive regulation of gene expression	13	2337	0.45	0.0180	9606.ENSP00000215832,9606.ENSP00000262741,9606.ENSP00000263238,9606.ENSP00000304169,9606.ENSP00000307272,9606.ENSP00000329967,9606.ENSP00000338185,9606.ENSP00000354558,9606.ENSP00000361021,9606.ENSP00000362588,9606.ENSP00000374455,9606.ENSP00000435412,9606.ENSP00000451828	MAPK1,PIK3R3,ACTR3,PITX2,RPTOR,TBK1,PLCB1,MTOR,PTEN,PBX3,SQSTM1,RPS6KA1,AKT1
GO:0001667	Ameboidal-type cell migration	4	173	1.06	0.0183	9606.ENSP00000262741,9606.ENSP00000304169,9606.ENSP00000361021,9606.ENSP00000451828	PIK3R3,PITX2,PTEN,AKT1
GO:0048639	Positive regulation of developmental growth	4	176	1.06	0.0195	9606.ENSP00000215832,9606.ENSP00000338185,9606.ENSP00000354558,9606.ENSP00000451828	MAPK1,PLCB1,MTOR,AKT1
GO:0018105	Peptidyl-serine phosphorylation	4	177	1.05	0.0198	9606.ENSP00000215832,9606.ENSP00000329967,9606.ENSP00000354558,9606.ENSP00000451828	MAPK1,TBK1,MTOR,AKT1
GO:0032880	Regulation of protein localization	8	934	0.63	0.0198	9606.ENSP00000215832,9606.ENSP00000286827,9606.ENSP00000340989,9606.ENSP00000348461,9606.ENSP00000361930,9606.ENSP00000370744,9606.ENSP00000374455,9606.ENSP00000451828	MAPK1,TIAM1,SFN,RAC1,YWHAB,ITPR2,SQSTM1,AKT1
GO:0014067	Negative regulation of phosphatidylinositol 3-kinase signaling	2	14	1.86	0.0199	9606.ENSP00000219476,9606.ENSP00000361021	TSC2,PTEN
GO:0051547	Regulation of keratinocyte migration	2	14	1.86	0.0199	9606.ENSP00000354558,9606.ENSP00000361021	MTOR,PTEN
GO:0007399	Nervous system development	13	2371	0.44	0.0202	9606.ENSP00000215832,9606.ENSP00000219476,9606.ENSP00000265960,9606.ENSP00000269321,9606.ENSP00000286827,9606.ENSP00000304169,9606.ENSP00000338185,9606.ENSP00000348461,9606.ENSP00000354558,9606.ENSP00000361021,9606.ENSP00000362588,9606.ENSP00000425561,9606.ENSP00000451828	MAPK1,TSC2,MAPKAP1,ARHGDIA,TIAM1,PITX2,PLCB1,RAC1,MTOR,PTEN,PBX3,EIF4E,AKT1
GO:0030155	Regulation of cell adhesion	7	712	0.69	0.0207	9606.ENSP00000226004,9606.ENSP00000269321,9606.ENSP00000295685,9606.ENSP00000348461,9606.ENSP00000359073,9606.ENSP00000361021,9606.ENSP00000451828	DUSP3,ARHGDIA,ARPC2,RAC1,VAV3,PTEN,AKT1
GO:1905330	Regulation of morphogenesis of an epithelium	4	180	1.05	0.0207	9606.ENSP00000286827,9606.ENSP00000348461,9606.ENSP00000354558,9606.ENSP00000361021	TIAM1,RAC1,MTOR,PTEN
GO:2001235	Positive regulation of apoptotic signaling pathway	4	180	1.05	0.0207	9606.ENSP00000326031,9606.ENSP00000340989,9606.ENSP00000361021,9606.ENSP00000361930	PPP1CA,SFN,PTEN,YWHAB
GO:0006464	Cellular protein modification process	15	3063	0.39	0.0209	9606.ENSP00000215530,9606.ENSP00000215832,9606.ENSP00000226004,9606.ENSP00000316176,9606.ENSP00000326031,9606.ENSP00000328059,9606.ENSP00000329967,9606.ENSP00000354558,9606.ENSP00000361021,9606.ENSP00000361930,9606.ENSP00000374455,9606.ENSP00000376352,9606.ENSP00000428209,9606.ENSP00000435412,9606.ENSP00000451828	FGF22,MAPK1,DUSP3,UBE2N,PPP1CA,RLIM,TBK1,MTOR,PTEN,YWHAB,SQSTM1,PDK1,UBE2V2,RPS6KA1,AKT1
GO:0046902	Regulation of mitochondrial membrane permeability	3	75	1.3	0.0211	9606.ENSP00000340989,9606.ENSP00000357804,9606.ENSP00000361930	SFN,THEM4,YWHAB
GO:0050878	Regulation of body fluid levels	6	509	0.77	0.0211	9606.ENSP00000215832,9606.ENSP00000340989,9606.ENSP00000348461,9606.ENSP00000359073,9606.ENSP00000365807,9606.ENSP00000370744	MAPK1,SFN,RAC1,VAV3,GNA14,ITPR2
GO:0046328	Regulation of jnk cascade	4	183	1.04	0.0213	9606.ENSP00000226004,9606.ENSP00000286827,9606.ENSP00000338185,9606.ENSP00000451828	DUSP3,TIAM1,PLCB1,AKT1
GO:0071361	Cellular response to ethanol	2	15	1.83	0.0215	9606.ENSP00000361021,9606.ENSP00000370744	PTEN,ITPR2
GO:0031397	Negative regulation of protein ubiquitination	3	76	1.3	0.0216	9606.ENSP00000354558,9606.ENSP00000374455,9606.ENSP00000451828	MTOR,SQSTM1,AKT1
GO:0048638	Regulation of developmental growth	5	333	0.88	0.0217	9606.ENSP00000215832,9606.ENSP00000338185,9606.ENSP00000354558,9606.ENSP00000361021,9606.ENSP00000451828	MAPK1,PLCB1,MTOR,PTEN,AKT1
GO:0060284	Regulation of cell development	8	956	0.62	0.0217	9606.ENSP00000269321,9606.ENSP00000286827,9606.ENSP00000295685,9606.ENSP00000348461,9606.ENSP00000354558,9606.ENSP00000361021,9606.ENSP00000425561,9606.ENSP00000451828	ARHGDIA,TIAM1,ARPC2,RAC1,MTOR,PTEN,EIF4E,AKT1
GO:0032879	Regulation of localization	14	2740	0.41	0.0219	9606.ENSP00000215832,9606.ENSP00000219476,9606.ENSP00000226004,9606.ENSP00000262741,9606.ENSP00000286827,9606.ENSP00000338185,9606.ENSP00000340989,9606.ENSP00000348461,9606.ENSP00000354558,9606.ENSP00000361021,9606.ENSP00000361930,9606.ENSP00000370744,9606.ENSP00000374455,9606.ENSP00000451828	MAPK1,TSC2,DUSP3,PIK3R3,TIAM1,PLCB1,SFN,RAC1,MTOR,PTEN,YWHAB,ITPR2,SQSTM1,AKT1
GO:0043408	Regulation of mapk cascade	7	725	0.69	0.0219	9606.ENSP00000215832,9606.ENSP00000226004,9606.ENSP00000286827,9606.ENSP00000316176,9606.ENSP00000338185,9606.ENSP00000361021,9606.ENSP00000451828	MAPK1,DUSP3,TIAM1,UBE2N,PLCB1,PTEN,AKT1
GO:0006996	Organelle organization	16	3450	0.37	0.0220	9606.ENSP00000228825,9606.ENSP00000263238,9606.ENSP00000265960,9606.ENSP00000295685,9606.ENSP00000316176,9606.ENSP00000340989,9606.ENSP00000348461,9606.ENSP00000354558,9606.ENSP00000357804,9606.ENSP00000359073,9606.ENSP00000361021,9606.ENSP00000361930,9606.ENSP00000374455,9606.ENSP00000388169,9606.ENSP00000389631,9606.ENSP00000451828	ARPC3,ACTR3,MAPKAP1,ARPC2,UBE2N,SFN,RAC1,MTOR,THEM4,VAV3,PTEN,YWHAB,SQSTM1,ARPC4,ARPC1B,AKT1
GO:0016043	Cellular component organization	21	5447	0.29	0.0227	9606.ENSP00000215832,9606.ENSP00000228825,9606.ENSP00000263238,9606.ENSP00000265960,9606.ENSP00000286827,9606.ENSP00000295685,9606.ENSP00000307272,9606.ENSP00000316176,9606.ENSP00000326031,9606.ENSP00000340989,9606.ENSP00000348461,9606.ENSP00000354558,9606.ENSP00000357804,9606.ENSP00000359073,9606.ENSP00000361021,9606.ENSP00000361930,9606.ENSP00000374455,9606.ENSP00000375711,9606.ENSP00000388169,9606.ENSP00000389631,9606.ENSP00000451828	MAPK1,ARPC3,ACTR3,MAPKAP1,TIAM1,ARPC2,RPTOR,UBE2N,PPP1CA,SFN,RAC1,MTOR,THEM4,VAV3,PTEN,YWHAB,SQSTM1,AKT1S1,ARPC4,ARPC1B,AKT1
GO:0060998	Regulation of dendritic spine development	3	78	1.29	0.0227	9606.ENSP00000286827,9606.ENSP00000354558,9606.ENSP00000361021	TIAM1,MTOR,PTEN
GO:0030335	Positive regulation of cell migration	6	522	0.76	0.0230	9606.ENSP00000215832,9606.ENSP00000262741,9606.ENSP00000286827,9606.ENSP00000348461,9606.ENSP00000354558,9606.ENSP00000451828	MAPK1,PIK3R3,TIAM1,RAC1,MTOR,AKT1
GO:0050678	Regulation of epithelial cell proliferation	5	339	0.87	0.0230	9606.ENSP00000307272,9606.ENSP00000340989,9606.ENSP00000354558,9606.ENSP00000361021,9606.ENSP00000451828	RPTOR,SFN,MTOR,PTEN,AKT1
GO:0071456	Cellular response to hypoxia	4	189	1.03	0.0230	9606.ENSP00000354558,9606.ENSP00000361021,9606.ENSP00000376352,9606.ENSP00000451828	MTOR,PTEN,PDK1,AKT1
GO:0006206	Pyrimidine nucleobase metabolic process	2	16	1.8	0.0232	9606.ENSP00000215832,9606.ENSP00000354558	MAPK1,MTOR
GO:0043217	Myelin maintenance	2	16	1.8	0.0232	9606.ENSP00000361021,9606.ENSP00000451828	PTEN,AKT1
GO:0048015	Phosphatidylinositol-mediated signaling	3	79	1.28	0.0232	9606.ENSP00000338185,9606.ENSP00000361021,9606.ENSP00000451828	PLCB1,PTEN,AKT1
GO:0099170	Postsynaptic modulation of chemical synaptic transmission	2	16	1.8	0.0232	9606.ENSP00000338185,9606.ENSP00000425561	PLCB1,EIF4E
GO:0051726	Regulation of cell cycle	9	1230	0.56	0.0233	9606.ENSP00000219476,9606.ENSP00000226004,9606.ENSP00000307272,9606.ENSP00000338185,9606.ENSP00000340989,9606.ENSP00000354558,9606.ENSP00000361021,9606.ENSP00000425561,9606.ENSP00000451828	TSC2,DUSP3,RPTOR,PLCB1,SFN,MTOR,PTEN,EIF4E,AKT1
GO:0001666	Response to hypoxia	5	342	0.87	0.0234	9606.ENSP00000354558,9606.ENSP00000361021,9606.ENSP00000370744,9606.ENSP00000376352,9606.ENSP00000451828	MTOR,PTEN,ITPR2,PDK1,AKT1
GO:0046578	Regulation of ras protein signal transduction	4	191	1.02	0.0234	9606.ENSP00000265960,9606.ENSP00000269321,9606.ENSP00000348461,9606.ENSP00000374455	MAPKAP1,ARHGDIA,RAC1,SQSTM1
GO:1903829	Positive regulation of cellular protein localization	5	342	0.87	0.0234	9606.ENSP00000215832,9606.ENSP00000340989,9606.ENSP00000361930,9606.ENSP00000374455,9606.ENSP00000451828	MAPK1,SFN,YWHAB,SQSTM1,AKT1
GO:0071902	Positive regulation of protein serine/threonine kinase activity	5	348	0.86	0.0249	9606.ENSP00000215832,9606.ENSP00000286827,9606.ENSP00000307272,9606.ENSP00000316176,9606.ENSP00000451828	MAPK1,TIAM1,RPTOR,UBE2N,AKT1
GO:0007417	Central nervous system development	8	988	0.61	0.0250	9606.ENSP00000215832,9606.ENSP00000265960,9606.ENSP00000304169,9606.ENSP00000338185,9606.ENSP00000354558,9606.ENSP00000361021,9606.ENSP00000362588,9606.ENSP00000451828	MAPK1,MAPKAP1,PITX2,PLCB1,MTOR,PTEN,PBX3,AKT1
GO:0016055	Wnt signaling pathway	5	351	0.85	0.0255	9606.ENSP00000286827,9606.ENSP00000326031,9606.ENSP00000338185,9606.ENSP00000348461,9606.ENSP00000361021	TIAM1,PPP1CA,PLCB1,RAC1,PTEN
GO:0090407	Organophosphate biosynthetic process	6	539	0.75	0.0255	9606.ENSP00000215832,9606.ENSP00000243501,9606.ENSP00000262741,9606.ENSP00000338185,9606.ENSP00000340523,9606.ENSP00000361021	MAPK1,PLA2G12A,PIK3R3,PLCB1,NMNAT3,PTEN
GO:0043154	Negative regulation of cysteine-type endopeptidase activity involved in apoptotic process	3	85	1.25	0.0266	9606.ENSP00000340989,9606.ENSP00000435412,9606.ENSP00000451828	SFN,RPS6KA1,AKT1
GO:0009968	Negative regulation of signal transduction	9	1271	0.55	0.0276	9606.ENSP00000219476,9606.ENSP00000226004,9606.ENSP00000265960,9606.ENSP00000354558,9606.ENSP00000357804,9606.ENSP00000361021,9606.ENSP00000361930,9606.ENSP00000375711,9606.ENSP00000451828	TSC2,DUSP3,MAPKAP1,MTOR,THEM4,PTEN,YWHAB,AKT1S1,AKT1
GO:0048699	Generation of neurons	10	1551	0.51	0.0276	9606.ENSP00000215832,9606.ENSP00000269321,9606.ENSP00000286827,9606.ENSP00000304169,9606.ENSP00000348461,9606.ENSP00000354558,9606.ENSP00000361021,9606.ENSP00000362588,9606.ENSP00000425561,9606.ENSP00000451828	MAPK1,ARHGDIA,TIAM1,PITX2,RAC1,MTOR,PTEN,PBX3,EIF4E,AKT1
GO:0051345	Positive regulation of hydrolase activity	7	772	0.66	0.0284	9606.ENSP00000219476,9606.ENSP00000269321,9606.ENSP00000286827,9606.ENSP00000338185,9606.ENSP00000354558,9606.ENSP00000359073,9606.ENSP00000451828	TSC2,ARHGDIA,TIAM1,PLCB1,MTOR,VAV3,AKT1
GO:0010720	Positive regulation of cell development	6	556	0.73	0.0288	9606.ENSP00000269321,9606.ENSP00000286827,9606.ENSP00000295685,9606.ENSP00000348461,9606.ENSP00000354558,9606.ENSP00000361021	ARHGDIA,TIAM1,ARPC2,RAC1,MTOR,PTEN
GO:0051336	Regulation of hydrolase activity	9	1284	0.55	0.0292	9606.ENSP00000219476,9606.ENSP00000269321,9606.ENSP00000286827,9606.ENSP00000338185,9606.ENSP00000340989,9606.ENSP00000354558,9606.ENSP00000359073,9606.ENSP00000435412,9606.ENSP00000451828	TSC2,ARHGDIA,TIAM1,PLCB1,SFN,MTOR,VAV3,RPS6KA1,AKT1
GO:0097306	Cellular response to alcohol	3	89	1.23	0.0294	9606.ENSP00000361021,9606.ENSP00000370744,9606.ENSP00000451828	PTEN,ITPR2,AKT1
GO:0006810	Transport	18	4353	0.32	0.0297	9606.ENSP00000215832,9606.ENSP00000219476,9606.ENSP00000228825,9606.ENSP00000243501,9606.ENSP00000263238,9606.ENSP00000295685,9606.ENSP00000338185,9606.ENSP00000340989,9606.ENSP00000348461,9606.ENSP00000357804,9606.ENSP00000359073,9606.ENSP00000361930,9606.ENSP00000370744,9606.ENSP00000374455,9606.ENSP00000388169,9606.ENSP00000389631,9606.ENSP00000425561,9606.ENSP00000451828	MAPK1,TSC2,ARPC3,PLA2G12A,ACTR3,ARPC2,PLCB1,SFN,RAC1,THEM4,VAV3,YWHAB,ITPR2,SQSTM1,ARPC4,ARPC1B,EIF4E,AKT1
GO:0002685	Regulation of leukocyte migration	4	209	0.98	0.0298	9606.ENSP00000215832,9606.ENSP00000338185,9606.ENSP00000348461,9606.ENSP00000451828	MAPK1,PLCB1,RAC1,AKT1
GO:0010717	Regulation of epithelial to mesenchymal transition	3	90	1.22	0.0299	9606.ENSP00000286827,9606.ENSP00000354558,9606.ENSP00000361021	TIAM1,MTOR,PTEN
GO:0010810	Regulation of cell-substrate adhesion	4	212	0.98	0.0310	9606.ENSP00000226004,9606.ENSP00000295685,9606.ENSP00000348461,9606.ENSP00000361021	DUSP3,ARPC2,RAC1,PTEN
GO:0019219	Regulation of nucleobase-containing compound metabolic process	17	3982	0.33	0.0310	9606.ENSP00000215832,9606.ENSP00000263238,9606.ENSP00000304169,9606.ENSP00000307272,9606.ENSP00000316176,9606.ENSP00000328059,9606.ENSP00000329967,9606.ENSP00000338185,9606.ENSP00000354558,9606.ENSP00000361021,9606.ENSP00000361930,9606.ENSP00000362588,9606.ENSP00000374455,9606.ENSP00000376352,9606.ENSP00000428209,9606.ENSP00000435412,9606.ENSP00000451828	MAPK1,ACTR3,PITX2,RPTOR,UBE2N,RLIM,TBK1,PLCB1,MTOR,PTEN,YWHAB,PBX3,SQSTM1,PDK1,UBE2V2,RPS6KA1,AKT1
GO:0031998	Regulation of fatty acid beta-oxidation	2	20	1.7	0.0310	9606.ENSP00000354558,9606.ENSP00000451828	MTOR,AKT1
GO:0043555	Regulation of translation in response to stress	2	20	1.7	0.0310	9606.ENSP00000326031,9606.ENSP00000435412	PPP1CA,RPS6KA1
GO:0060322	Head development	7	788	0.65	0.0310	9606.ENSP00000215832,9606.ENSP00000265960,9606.ENSP00000304169,9606.ENSP00000338185,9606.ENSP00000354558,9606.ENSP00000361021,9606.ENSP00000362588	MAPK1,MAPKAP1,PITX2,PLCB1,MTOR,PTEN,PBX3
GO:0007610	Behavior	6	572	0.72	0.0319	9606.ENSP00000215832,9606.ENSP00000338185,9606.ENSP00000354558,9606.ENSP00000361021,9606.ENSP00000362588,9606.ENSP00000425561	MAPK1,PLCB1,MTOR,PTEN,PBX3,EIF4E
GO:0001938	Positive regulation of endothelial cell proliferation	3	94	1.2	0.0325	9606.ENSP00000307272,9606.ENSP00000354558,9606.ENSP00000451828	RPTOR,MTOR,AKT1
GO:0007049	Cell cycle	9	1313	0.54	0.0325	9606.ENSP00000215832,9606.ENSP00000263238,9606.ENSP00000307272,9606.ENSP00000326031,9606.ENSP00000338185,9606.ENSP00000340989,9606.ENSP00000354558,9606.ENSP00000425561,9606.ENSP00000435412	MAPK1,ACTR3,RPTOR,PPP1CA,PLCB1,SFN,MTOR,EIF4E,RPS6KA1
GO:0002042	Cell migration involved in sprouting angiogenesis	2	21	1.68	0.0326	9606.ENSP00000262741,9606.ENSP00000451828	PIK3R3,AKT1
GO:0060716	Labyrinthine layer blood vessel development	2	21	1.68	0.0326	9606.ENSP00000215832,9606.ENSP00000451828	MAPK1,AKT1
GO:0010468	Regulation of gene expression	19	4813	0.3	0.0328	9606.ENSP00000215832,9606.ENSP00000262741,9606.ENSP00000263238,9606.ENSP00000304169,9606.ENSP00000307272,9606.ENSP00000316176,9606.ENSP00000326031,9606.ENSP00000328059,9606.ENSP00000329967,9606.ENSP00000338185,9606.ENSP00000348461,9606.ENSP00000354558,9606.ENSP00000361021,9606.ENSP00000361930,9606.ENSP00000362588,9606.ENSP00000374455,9606.ENSP00000425561,9606.ENSP00000435412,9606.ENSP00000451828	MAPK1,PIK3R3,ACTR3,PITX2,RPTOR,UBE2N,PPP1CA,RLIM,TBK1,PLCB1,RAC1,MTOR,PTEN,YWHAB,PBX3,SQSTM1,EIF4E,RPS6KA1,AKT1
GO:0034766	Negative regulation of ion transmembrane transport	3	96	1.2	0.0339	9606.ENSP00000354558,9606.ENSP00000361021,9606.ENSP00000451828	MTOR,PTEN,AKT1
GO:0070498	interleukin-1-mediated signaling pathway	3	96	1.2	0.0339	9606.ENSP00000316176,9606.ENSP00000338185,9606.ENSP00000374455	UBE2N,PLCB1,SQSTM1
GO:0048731	System development	18	4426	0.31	0.0341	9606.ENSP00000215832,9606.ENSP00000219476,9606.ENSP00000262741,9606.ENSP00000265960,9606.ENSP00000269321,9606.ENSP00000286827,9606.ENSP00000304169,9606.ENSP00000326031,9606.ENSP00000338185,9606.ENSP00000340989,9606.ENSP00000348461,9606.ENSP00000354558,9606.ENSP00000359073,9606.ENSP00000361021,9606.ENSP00000362588,9606.ENSP00000425561,9606.ENSP00000435412,9606.ENSP00000451828	MAPK1,TSC2,PIK3R3,MAPKAP1,ARHGDIA,TIAM1,PITX2,PPP1CA,PLCB1,SFN,RAC1,MTOR,VAV3,PTEN,PBX3,EIF4E,RPS6KA1,AKT1
GO:0000079	Regulation of cyclin-dependent protein serine/threonine kinase activity	3	97	1.19	0.0346	9606.ENSP00000340989,9606.ENSP00000361021,9606.ENSP00000451828	SFN,PTEN,AKT1
GO:0016601	Rac protein signal transduction	2	22	1.66	0.0346	9606.ENSP00000286827,9606.ENSP00000348461	TIAM1,RAC1
GO:0050920	Regulation of chemotaxis	4	223	0.95	0.0349	9606.ENSP00000215832,9606.ENSP00000226004,9606.ENSP00000286827,9606.ENSP00000348461	MAPK1,DUSP3,TIAM1,RAC1
GO:0032006	Regulation of tor signaling	3	98	1.19	0.0352	9606.ENSP00000219476,9606.ENSP00000307272,9606.ENSP00000375711	TSC2,RPTOR,AKT1S1
GO:0000729	DNA double-strand break processing	2	23	1.64	0.0371	9606.ENSP00000316176,9606.ENSP00000428209	UBE2N,UBE2V2
GO:0001775	Cell activation	8	1075	0.57	0.0371	9606.ENSP00000215832,9606.ENSP00000329967,9606.ENSP00000338185,9606.ENSP00000348461,9606.ENSP00000354558,9606.ENSP00000359073,9606.ENSP00000365807,9606.ENSP00000370744	MAPK1,TBK1,PLCB1,RAC1,MTOR,VAV3,GNA14,ITPR2
GO:0019217	Regulation of fatty acid metabolic process	3	101	1.17	0.0378	9606.ENSP00000354558,9606.ENSP00000376352,9606.ENSP00000451828	MTOR,PDK1,AKT1
GO:0044267	Cellular protein metabolic process	16	3696	0.34	0.0381	9606.ENSP00000215530,9606.ENSP00000215832,9606.ENSP00000226004,9606.ENSP00000316176,9606.ENSP00000326031,9606.ENSP00000328059,9606.ENSP00000329967,9606.ENSP00000354558,9606.ENSP00000361021,9606.ENSP00000361930,9606.ENSP00000374455,9606.ENSP00000376352,9606.ENSP00000425561,9606.ENSP00000428209,9606.ENSP00000435412,9606.ENSP00000451828	FGF22,MAPK1,DUSP3,UBE2N,PPP1CA,RLIM,TBK1,MTOR,PTEN,YWHAB,SQSTM1,PDK1,EIF4E,UBE2V2,RPS6KA1,AKT1
GO:0032868	Response to insulin	4	231	0.94	0.0386	9606.ENSP00000262741,9606.ENSP00000354558,9606.ENSP00000361021,9606.ENSP00000451828	PIK3R3,MTOR,PTEN,AKT1
GO:0043547	Positive regulation of gtpase activity	5	407	0.79	0.0413	9606.ENSP00000219476,9606.ENSP00000269321,9606.ENSP00000286827,9606.ENSP00000338185,9606.ENSP00000359073	TSC2,ARHGDIA,TIAM1,PLCB1,VAV3
GO:2001233	Regulation of apoptotic signaling pathway	5	409	0.79	0.0421	9606.ENSP00000326031,9606.ENSP00000340989,9606.ENSP00000361021,9606.ENSP00000361930,9606.ENSP00000451828	PPP1CA,SFN,PTEN,YWHAB,AKT1
GO:0048732	Gland development	5	410	0.79	0.0424	9606.ENSP00000215832,9606.ENSP00000304169,9606.ENSP00000361021,9606.ENSP00000435412,9606.ENSP00000451828	MAPK1,PITX2,PTEN,RPS6KA1,AKT1
GO:0009725	Response to hormone	7	849	0.62	0.0428	9606.ENSP00000215832,9606.ENSP00000262741,9606.ENSP00000354558,9606.ENSP00000361021,9606.ENSP00000389631,9606.ENSP00000425561,9606.ENSP00000451828	MAPK1,PIK3R3,MTOR,PTEN,ARPC1B,EIF4E,AKT1
GO:0051223	Regulation of protein transport	6	617	0.69	0.0429	9606.ENSP00000215832,9606.ENSP00000286827,9606.ENSP00000340989,9606.ENSP00000348461,9606.ENSP00000361930,9606.ENSP00000370744	MAPK1,TIAM1,SFN,RAC1,YWHAB,ITPR2
GO:0035051	Cardiocyte differentiation	3	109	1.14	0.0452	9606.ENSP00000215832,9606.ENSP00000304169,9606.ENSP00000354558	MAPK1,PITX2,MTOR
GO:0006355	Regulation of transcription, dna-templated	15	3388	0.35	0.0454	9606.ENSP00000215832,9606.ENSP00000263238,9606.ENSP00000304169,9606.ENSP00000307272,9606.ENSP00000316176,9606.ENSP00000328059,9606.ENSP00000329967,9606.ENSP00000338185,9606.ENSP00000354558,9606.ENSP00000361021,9606.ENSP00000361930,9606.ENSP00000362588,9606.ENSP00000374455,9606.ENSP00000435412,9606.ENSP00000451828	MAPK1,ACTR3,PITX2,RPTOR,UBE2N,RLIM,TBK1,PLCB1,MTOR,PTEN,YWHAB,PBX3,SQSTM1,RPS6KA1,AKT1
GO:0021510	Spinal cord development	3	110	1.14	0.0461	9606.ENSP00000354558,9606.ENSP00000362588,9606.ENSP00000451828	MTOR,PBX3,AKT1
GO:0031529	Ruffle organization	2	27	1.57	0.0475	9606.ENSP00000348461,9606.ENSP00000354558	RAC1,MTOR
GO:1900740	Positive regulation of protein insertion into mitochondrial membrane involved in apoptotic signaling pathway	2	27	1.57	0.0475	9606.ENSP00000340989,9606.ENSP00000361930	SFN,YWHAB
GO:0019216	Regulation of lipid metabolic process	5	424	0.77	0.0476	9606.ENSP00000262741,9606.ENSP00000354558,9606.ENSP00000359073,9606.ENSP00000376352,9606.ENSP00000451828	PIK3R3,MTOR,VAV3,PDK1,AKT1
GO:0019637	Organophosphate metabolic process	7	870	0.61	0.0477	9606.ENSP00000215832,9606.ENSP00000243501,9606.ENSP00000262741,9606.ENSP00000338185,9606.ENSP00000340523,9606.ENSP00000357804,9606.ENSP00000361021	MAPK1,PLA2G12A,PIK3R3,PLCB1,NMNAT3,THEM4,PTEN
GO:0043122	Regulation of i-kappab kinase/nf-kappab signaling	4	251	0.9	0.0498	9606.ENSP00000316176,9606.ENSP00000329967,9606.ENSP00000374455,9606.ENSP00000451828	UBE2N,TBK1,SQSTM1,AKT1
